Tempo_h,Temp_Ideal_C
0.0,19.0
0.08333333333333333,19.06685691856855
0.16666666666666666,19.136444284630343
0.25,19.208635748898455
0.3333333333333333,19.283304077949925
0.4166666666666667,19.360321391573237
0.5,19.439559399410918
0.5833333333333334,19.520889636449848
0.6666666666666666,19.604183696915257
0.75,19.68931346612825
0.8333333333333334,19.77615134989145
0.9166666666666666,19.86457050097298
1.0,19.95444504226559
1.0833333333333333,20.045650286204662
1.1666666666666667,20.13806295003721
1.25,20.231561366542447
1.3333333333333333,20.326025689814358
1.4166666666666667,20.4213380957267
1.5,20.517382976712103
1.5833333333333333,20.614047130498502
1.6666666666666667,20.71121994245857
1.75,20.808793561240723
1.8333333333333333,20.906663067364157
1.9166666666666667,21.004726634474284
2.0,21.102885682970026
2.0833333333333335,21.201045025729652
2.1666666666666665,21.29911300567766
2.25,21.39700162495166
2.3333333333333335,21.494626665444912
2.4166666666666665,21.591907800517447
2.5,21.68876869768619
2.5833333333333335,21.785137112122612
2.6666666666666665,21.880944970804443
2.75,21.97612844718685
2.8333333333333335,22.070628026276875
2.9166666666666665,22.164388560014256
3.0,22.257359312880716
3.0833333333333335,22.349493997679172
3.1666666666666665,22.44075080144366
3.25,22.531092401460302
3.3333333333333335,22.620485971399077
3.4166666666666665,22.708903177575543
3.5,22.796320165381278
3.5833333333333335,22.88271753594085
3.6666666666666665,22.968080313072587
3.75,23.052397900649314
3.8333333333333335,23.135664030474032
3.9166666666666665,23.2178767008042
4.0,23.299038105676658
4.083333333333333,23.379154555203005
4.166666666666667,23.45823638702328
4.25,23.536297869122844
4.333333333333333,23.61335709423427
4.416666666666667,23.689435866062762
4.5,23.764559577589285
4.583333333333333,23.83875708172128
4.666666666666667,23.912060554575795
4.75,23.98450535169411
4.833333333333333,24.05612985750093
4.916666666666667,24.126975328334282
5.0,24.197085729384877
5.083333333333333,24.266507565895512
5.166666666666667,24.335289708982433
5.25,24.403483216450866
5.333333333333333,24.471141148986923
5.416666666666667,24.53831838211691
5.5,24.605071414333473
5.583333333333333,24.671458171795365
5.666666666666667,24.737537810014448
5.75,24.80337051294922
5.833333333333333,24.869017289929474
5.916666666666667,24.93453977084064
6.0,25.0
6.083333333333333,25.065460229159363
6.166666666666667,25.13098271007053
6.25,25.19662948705078
6.333333333333333,25.262462189985555
6.416666666666667,25.328541828204635
6.5,25.39492858566653
6.583333333333333,25.46168161788309
6.666666666666667,25.528858851013077
6.75,25.596516783549134
6.833333333333333,25.664710291017567
6.916666666666667,25.733492434104488
7.0,25.802914270615123
7.083333333333333,25.873024671665718
7.166666666666667,25.94387014249907
7.25,26.01549464830589
7.333333333333333,26.087939445424205
7.416666666666667,26.16124291827872
7.5,26.235440422410715
7.583333333333333,26.310564133937238
7.666666666666667,26.38664290576573
7.75,26.463702130877156
7.833333333333333,26.541763612976716
7.916666666666667,26.620845444796995
8.0,26.700961894323342
8.083333333333334,26.782123299195796
8.166666666666666,26.864335969525968
8.25,26.947602099350682
8.333333333333334,27.031919686927413
8.416666666666666,27.11728246405915
8.5,27.203679834618722
8.583333333333334,27.291096822424457
8.666666666666666,27.379514028600926
8.75,27.468907598539698
8.833333333333334,27.55924919855634
8.916666666666666,27.650506002320828
9.0,27.742640687119284
9.083333333333334,27.835611439985744
9.166666666666666,27.929371973723125
9.25,28.023871552813148
9.333333333333334,28.119055029195554
9.416666666666666,28.214862887877388
9.5,28.311231302313807
9.583333333333334,28.408092199482553
9.666666666666666,28.505373334555088
9.75,28.60299837504834
9.833333333333334,28.700886994322335
9.916666666666666,28.798954974270348
10.0,28.897114317029974
10.083333333333334,28.995273365525716
10.166666666666666,29.093336932635843
10.25,29.191206438759277
10.333333333333334,29.28878005754143
10.416666666666666,29.385952869501498
10.5,29.482617023287897
10.583333333333334,29.5786619042733
10.666666666666666,29.673974310185642
10.75,29.768438633457553
10.833333333333334,29.86193704996279
10.916666666666666,29.954349713795338
11.0,30.04555495773441
11.083333333333334,30.135429499027016
11.166666666666666,30.22384865010855
11.25,30.310686533871745
11.333333333333334,30.395816303084743
11.416666666666666,30.479110363550152
11.5,30.560440600589082
11.583333333333334,30.639678608426763
11.666666666666666,30.716695922050075
11.75,30.791364251101545
11.833333333333334,30.863555715369657
11.916666666666666,30.93314308143145
12.0,31.0
12.083333333333334,31.064001243527457
12.166666666666666,31.12502294361263
12.25,31.182942827761696
12.333333333333334,31.237640455050865
12.416666666666666,31.28899745024107
12.5,31.336897735896642
12.583333333333334,31.38122776206297
12.666666666666666,31.42187673306175
12.75,31.458736830967016
12.833333333333334,31.49170343533065
12.916666666666666,31.52067533873212
13.0,31.54555495773441
13.083333333333334,31.566248538835808
13.166666666666666,31.58266635901593
13.25,31.594722920483715
13.333333333333334,31.602337139245257
13.416666666666666,31.605432527120282
13.5,31.60393736684754
13.583333333333334,31.59778487993187
13.666666666666666,31.58691338689837
13.75,31.571266459632984
13.833333333333334,31.55079306550282
13.916666666666666,31.525447702964374
14.0,31.49519052838329
14.083333333333334,31.45998747380501
14.166666666666666,31.41981035543229
14.25,31.374636972582202
14.333333333333334,31.324451196912815
14.416666666666666,31.269243051727237
14.5,31.209008781181016
14.583333333333334,31.14375090923719
14.666666666666666,31.07347828823218
14.75,30.99820613693458
14.833333333333334,30.917956067998364
14.916666666666666,30.832756104731324
15.0,30.742640687119284
15.083333333333334,30.647650667066404
15.166666666666666,30.547833292831584
15.25,30.443242182661127
15.333333333333334,30.33393728763755
15.416666666666666,30.219984843784253
15.5,30.101457313485927
15.583333333333334,29.978433316303835
15.666666666666666,29.85099754928514
15.75,29.719240696884544
15.833333333333334,29.583259330635922
15.916666666666666,29.44315579873046
16.0,29.299038105676658
16.083333333333332,29.151019782235654
16.166666666666668,28.999219745843696
16.25,28.843762151750862
16.333333333333332,28.684776235122666
16.416666666666668,28.522396144367608
16.5,28.356760765970364
16.583333333333332,28.188013541125702
16.666666666666668,28.016302274483827
16.75,27.84177893533205
16.833333333333332,27.664599451552206
16.916666666666668,27.484923496706188
17.0,27.302914270615123
17.083333333333332,27.118738273809594
17.166666666666668,26.932565076239666
17.25,26.74456708064441
17.333333333333332,26.554919280990084
17.416666666666668,26.363799016395912
17.5,26.17138572097409
17.583333333333332,25.97786067001895
17.666666666666668,25.783406722986346
17.75,25.58820806371094
17.833333333333332,25.392449938313504
17.916666666666668,25.196318391255375
18.0,25.0
18.083333333333332,24.803681608744636
18.166666666666668,24.6075500616865
18.25,24.41179193628906
18.333333333333332,24.216593277013658
18.416666666666668,24.02213932998106
18.5,23.828614279025913
18.583333333333332,23.636200983604088
18.666666666666668,23.44508071900992
18.75,23.255432919355595
18.833333333333332,23.067434923760334
18.916666666666668,22.881261726190413
19.0,22.697085729384877
19.083333333333332,22.515076503293812
19.166666666666668,22.335400548447797
19.25,22.15822106466795
19.333333333333332,21.983697725516183
19.416666666666668,21.8119864588743
19.5,21.643239234029647
19.583333333333332,21.477603855632392
19.666666666666668,21.31522376487734
19.75,21.15623784824914
19.833333333333332,21.000780254156307
19.916666666666668,20.848980217764346
20.0,20.700961894323342
20.083333333333332,20.55684420126954
20.166666666666668,20.41674066936408
20.25,20.28075930311546
20.333333333333332,20.14900245071486
20.416666666666668,20.021566683696168
20.5,19.898542686514073
20.583333333333332,19.78001515621575
20.666666666666668,19.666062712362454
20.75,19.556757817338873
20.833333333333332,19.45216670716842
20.916666666666668,19.3523493329336
21.0,19.257359312880716
21.083333333333332,19.16724389526868
21.166666666666668,19.08204393200164
21.25,19.001793863065423
21.333333333333332,18.926521711767823
21.416666666666668,18.85624909076281
21.5,18.790991218818988
21.583333333333332,18.730756948272763
21.666666666666668,18.67554880308719
21.75,18.6253630274178
21.833333333333332,18.580189644567714
21.916666666666668,18.54001252619499
22.0,18.50480947161671
22.083333333333332,18.474552297035626
22.166666666666668,18.44920693449718
22.25,18.428733540367016
22.333333333333332,18.413086613101633
22.416666666666668,18.40221512006813
22.5,18.396062633152457
22.583333333333332,18.394567472879718
22.666666666666668,18.39766286075474
22.75,18.405277079516285
22.833333333333332,18.41733364098407
22.916666666666668,18.433751461164192
23.0,18.45444504226559
23.083333333333332,18.479324661267878
23.166666666666668,18.50829656466935
23.25,18.54126316903298
23.333333333333332,18.57812326693825
23.416666666666668,18.618772237937026
23.5,18.663102264103358
23.583333333333332,18.711002549758927
23.666666666666668,18.76235954494913
23.75,18.8170571722383
23.833333333333332,18.874977056387365
23.916666666666668,18.93599875647254
24.0,19.0
24.083333333333332,19.066856918568547
24.166666666666668,19.13644428463034
24.25,19.208635748898455
24.333333333333332,19.28330407794992
24.416666666666668,19.360321391573237
24.5,19.439559399410918
24.583333333333332,19.520889636449848
24.666666666666668,19.604183696915253
24.75,19.68931346612825
24.833333333333332,19.77615134989145
24.916666666666668,19.86457050097298
25.0,19.95444504226559
25.083333333333332,20.045650286204662
25.166666666666668,20.138062950037206
25.25,20.231561366542447
25.333333333333332,20.326025689814355
25.416666666666668,20.4213380957267
25.5,20.517382976712096
25.583333333333332,20.614047130498502
25.666666666666668,20.711219942458563
25.75,20.808793561240723
25.833333333333332,20.906663067364153
25.916666666666668,21.00472663447428
26.0,21.102885682970026
26.083333333333332,21.201045025729652
26.166666666666668,21.29911300567766
26.25,21.397001624951656
26.333333333333332,21.494626665444912
26.416666666666668,21.59190780051744
26.5,21.68876869768619
26.583333333333332,21.785137112122605
26.666666666666668,21.880944970804443
26.75,21.97612844718685
26.833333333333332,22.070628026276875
26.916666666666668,22.164388560014253
27.0,22.257359312880716
27.083333333333332,22.34949399767917
27.166666666666668,22.440750801443656
27.25,22.5310924014603
27.333333333333332,22.620485971399074
27.416666666666668,22.708903177575543
27.5,22.796320165381278
27.583333333333332,22.88271753594085
27.666666666666668,22.968080313072583
27.75,23.052397900649314
27.833333333333332,23.13566403047403
27.916666666666668,23.2178767008042
28.0,23.299038105676654
28.083333333333332,23.379154555203
28.166666666666668,23.458236387023284
28.25,23.536297869122844
28.333333333333332,23.613357094234267
28.416666666666668,23.68943586606276
28.5,23.76455957758928
28.583333333333332,23.83875708172128
28.666666666666668,23.912060554575795
28.75,23.98450535169411
28.833333333333332,24.056129857500927
28.916666666666668,24.126975328334286
29.0,24.197085729384877
29.083333333333332,24.266507565895512
29.166666666666668,24.335289708982433
29.25,24.403483216450866
29.333333333333332,24.471141148986923
29.416666666666668,24.53831838211691
29.5,24.605071414333473
29.583333333333332,24.671458171795365
29.666666666666668,24.737537810014448
29.75,24.80337051294922
29.833333333333332,24.86901728992947
29.916666666666668,24.934539770840633
30.0,25.0
30.083333333333332,25.06546022915936
30.166666666666668,25.13098271007053
30.25,25.196629487050778
30.333333333333332,25.262462189985555
30.416666666666668,25.328541828204635
30.5,25.394928585666527
30.583333333333332,25.46168161788309
30.666666666666668,25.52885885101308
30.75,25.59651678354913
30.833333333333332,25.66471029101757
30.916666666666668,25.733492434104488
31.0,25.802914270615123
31.083333333333332,25.873024671665714
31.166666666666668,25.94387014249907
31.25,26.015494648305886
31.333333333333332,26.0879394454242
31.416666666666668,26.161242918278717
31.5,26.23544042241072
31.583333333333332,26.310564133937238
31.666666666666668,26.38664290576573
31.75,26.463702130877152
31.833333333333332,26.54176361297672
31.916666666666668,26.620845444797
32.0,26.70096189432334
32.083333333333336,26.7821232991958
32.166666666666664,26.864335969525968
32.25,26.947602099350682
32.333333333333336,27.03191968692741
32.416666666666664,27.117282464059155
32.5,27.203679834618722
32.583333333333336,27.291096822424453
32.666666666666664,27.37951402860092
32.75,27.4689075985397
32.833333333333336,27.55924919855634
32.916666666666664,27.650506002320824
33.0,27.74264068711928
33.083333333333336,27.835611439985747
33.166666666666664,27.92937197372312
33.25,28.023871552813144
33.333333333333336,28.119055029195554
33.416666666666664,28.214862887877395
33.5,28.311231302313807
33.583333333333336,28.40809219948255
33.666666666666664,28.50537333455509
33.75,28.60299837504834
33.833333333333336,28.700886994322335
33.916666666666664,28.79895497427034
34.0,28.897114317029974
34.083333333333336,28.995273365525716
34.166666666666664,29.093336932635836
34.25,29.191206438759274
34.333333333333336,29.288780057541434
34.416666666666664,29.385952869501494
34.5,29.482617023287897
34.583333333333336,29.578661904273293
34.666666666666664,29.673974310185642
34.75,29.768438633457553
34.833333333333336,29.86193704996279
34.916666666666664,29.95434971379533
35.0,30.04555495773441
35.083333333333336,30.135429499027016
35.166666666666664,30.223848650108547
35.25,30.31068653387175
35.333333333333336,30.395816303084743
35.416666666666664,30.479110363550152
35.5,30.56044060058908
35.583333333333336,30.639678608426763
35.666666666666664,30.716695922050075
35.75,30.79136425110154
35.833333333333336,30.863555715369653
35.916666666666664,30.933143081431453
36.0,31.0
36.083333333333336,31.064001243527457
36.166666666666664,31.125022943612628
36.25,31.182942827761696
36.333333333333336,31.237640455050865
36.416666666666664,31.28899745024107
36.5,31.336897735896645
36.583333333333336,31.381227762062974
36.666666666666664,31.421876733061747
36.75,31.45873683096702
36.833333333333336,31.49170343533065
36.916666666666664,31.52067533873212
37.0,31.54555495773441
37.083333333333336,31.566248538835804
37.166666666666664,31.58266635901593
37.25,31.594722920483715
37.333333333333336,31.60233713924526
37.416666666666664,31.605432527120282
37.5,31.603937366847543
37.583333333333336,31.59778487993187
37.666666666666664,31.586913386898367
37.75,31.571266459632984
37.833333333333336,31.550793065502816
37.916666666666664,31.525447702964378
38.0,31.495190528383294
38.083333333333336,31.45998747380501
38.166666666666664,31.41981035543229
38.25,31.374636972582202
38.333333333333336,31.324451196912815
38.416666666666664,31.269243051727237
38.5,31.209008781181016
38.583333333333336,31.14375090923719
38.666666666666664,31.073478288232184
38.75,30.998206136934577
38.833333333333336,30.917956067998364
38.916666666666664,30.832756104731324
39.0,30.74264068711929
39.083333333333336,30.647650667066404
39.166666666666664,30.547833292831584
39.25,30.44324218266113
39.333333333333336,30.333937287637553
39.416666666666664,30.219984843784253
39.5,30.101457313485927
39.583333333333336,29.97843331630384
39.666666666666664,29.850997549285136
39.75,29.719240696884544
39.833333333333336,29.583259330635922
39.916666666666664,29.44315579873047
40.0,29.299038105676658
40.083333333333336,29.151019782235657
40.166666666666664,28.999219745843696
40.25,28.843762151750866
40.333333333333336,28.684776235122666
40.416666666666664,28.52239614436761
40.5,28.356760765970364
40.583333333333336,28.18801354112571
40.666666666666664,28.01630227448382
40.75,27.84177893533205
40.833333333333336,27.664599451552213
40.916666666666664,27.484923496706198
41.0,27.302914270615126
41.083333333333336,27.118738273809594
41.166666666666664,26.932565076239676
41.25,26.7445670806444
41.333333333333336,26.554919280990088
41.416666666666664,26.363799016395916
41.5,26.1713857209741
41.583333333333336,25.977860670018938
41.666666666666664,25.783406722986346
41.75,25.58820806371094
41.833333333333336,25.392449938313515
41.916666666666664,25.19631839125537
42.0,25.000000000000004
42.083333333333336,24.803681608744636
42.166666666666664,24.60755006168651
42.25,24.411791936289067
42.333333333333336,24.21659327701366
42.416666666666664,24.022139329981066
42.5,23.828614279025924
42.583333333333336,23.63620098360409
42.666666666666664,23.44508071900992
42.75,23.255432919355606
42.833333333333336,23.06743492376033
42.916666666666664,22.881261726190413
43.0,22.697085729384884
43.083333333333336,22.515076503293823
43.166666666666664,22.33540054844779
43.25,22.158221064667952
43.333333333333336,21.983697725516183
43.416666666666664,21.81198645887431
43.5,21.64323923402964
43.583333333333336,21.477603855632395
43.666666666666664,21.315223764877345
43.75,21.156237848249148
43.833333333333336,21.00078025415631
43.916666666666664,20.84898021776435
44.0,20.700961894323346
44.083333333333336,20.55684420126955
44.166666666666664,20.41674066936408
44.25,20.28075930311546
44.333333333333336,20.149002450714868
44.416666666666664,20.02156668369616
44.5,19.898542686514073
44.583333333333336,19.78001515621575
44.666666666666664,19.666062712362457
44.75,19.556757817338873
44.833333333333336,19.45216670716842
44.916666666666664,19.3523493329336
45.0,19.25735931288072
45.083333333333336,19.167243895268676
45.166666666666664,19.08204393200164
45.25,19.001793863065426
45.333333333333336,18.926521711767826
45.416666666666664,18.85624909076281
45.5,18.790991218818988
45.583333333333336,18.730756948272766
45.666666666666664,18.675548803087185
45.75,18.6253630274178
45.833333333333336,18.580189644567714
45.916666666666664,18.54001252619499
46.0,18.50480947161671
46.083333333333336,18.474552297035626
46.166666666666664,18.449206934497184
46.25,18.42873354036702
46.333333333333336,18.41308661310163
46.416666666666664,18.402215120068135
46.5,18.39606263315246
46.583333333333336,18.394567472879718
46.666666666666664,18.397662860754743
46.75,18.405277079516285
46.833333333333336,18.41733364098407
46.916666666666664,18.433751461164192
47.0,18.45444504226559
47.083333333333336,18.479324661267878
47.166666666666664,18.508296564669347
47.25,18.541263169032984
47.333333333333336,18.57812326693825
47.416666666666664,18.618772237937026
47.5,18.663102264103355
47.583333333333336,18.71100254975893
47.666666666666664,18.76235954494913
47.75,18.8170571722383
47.833333333333336,18.874977056387362
47.916666666666664,18.93599875647254
