Tempo_h,Temp_Filtrada_M7_C
0.0,11.20503879273948
0.08333333333333333,13.93303613247823
0.16666666666666666,16.672037821908788
0.25,19.62959920073976
0.3333333333333333,19.734951500363074
0.4166666666666667,19.773859887582457
0.5,19.84082651413762
0.5833333333333334,19.694877594368563
0.6666666666666666,19.75144978293221
0.75,19.890735930575712
0.8333333333333334,19.578178278955942
0.9166666666666666,19.381505602420887
1.0,19.460523767418366
1.0833333333333333,19.373723666354053
1.1666666666666667,19.554769204377116
1.25,19.597480206974023
1.3333333333333333,19.502650108390004
1.4166666666666667,19.983894803692483
1.5,20.25104392323887
1.5833333333333333,20.419465964376705
1.6666666666666667,20.469347006084803
1.75,20.46858179773437
1.8333333333333333,20.682698852191855
1.9166666666666667,20.810429419950363
2.0,20.783832431669275
2.0833333333333335,20.83896717347762
2.1666666666666665,20.895805340558805
2.25,21.08758752947297
2.3333333333333335,21.458956123241524
2.4166666666666665,21.541865279458175
2.5,21.64924264521279
2.5833333333333335,21.796543204688682
2.6666666666666665,21.821342908478336
2.75,21.97361396393572
2.8333333333333335,21.912807462603244
2.9166666666666665,21.642984934402552
3.0,21.759904105708483
3.0833333333333335,22.057232610190376
3.1666666666666665,22.073994588271535
3.25,22.290578573904856
3.3333333333333335,22.321633486845553
3.4166666666666665,22.464991318588883
3.5,22.621894257390117
3.5833333333333335,22.633118775040202
3.6666666666666665,22.754878095952193
3.75,22.858868800924178
3.8333333333333335,22.753857499701628
3.9166666666666665,22.907524497283013
4.0,23.113662972141746
4.083333333333333,23.198705395006886
4.166666666666667,23.40036594978249
4.25,23.475478051754877
4.333333333333333,23.619742114566705
4.416666666666667,23.801451272435976
4.5,23.804255827932263
4.583333333333333,23.960385621908546
4.666666666666667,24.222613041343216
4.75,24.17046581876796
4.833333333333333,24.103125988622015
4.916666666666667,23.94118892473107
5.0,23.97059340775802
5.083333333333333,24.168311458599327
5.166666666666667,24.354335716077866
5.25,24.302914557083156
5.333333333333333,24.540134292940348
5.416666666666667,24.669972328010076
5.5,24.78955132507972
5.583333333333333,25.03406787610113
5.666666666666667,25.18318319283129
5.75,25.09004444479393
5.833333333333333,25.342860421471265
5.916666666666667,24.9944178695698
6.0,25.11260427821243
6.083333333333333,25.261865011828284
6.166666666666667,25.252036750899105
6.25,25.152517919882175
6.333333333333333,24.995416108095085
6.416666666666667,24.857694134799726
6.5,25.264411308222556
6.583333333333333,25.406250456259674
6.666666666666667,25.404361372675314
6.75,25.413901864170832
6.833333333333333,25.414370697014135
6.916666666666667,25.81502288993676
7.0,25.9472192035497
7.083333333333333,25.916065552357136
7.166666666666667,25.876755743494083
7.25,26.018788058123167
7.333333333333333,26.29441102070359
7.416666666666667,26.344894076970128
7.5,26.277091302247012
7.583333333333333,26.269888667166633
7.666666666666667,26.239303267721024
7.75,26.291589160750394
7.833333333333333,26.38842702575762
7.916666666666667,26.357419398397102
8.0,26.490981107252345
8.083333333333334,26.44784549006494
8.166666666666666,26.526801077975776
8.25,26.73815461156235
8.333333333333334,26.69692845314409
8.416666666666666,26.73400244490529
8.5,26.86596266621263
8.583333333333334,27.19571488433752
8.666666666666666,27.465792764237406
8.75,27.632637734787494
8.833333333333334,27.753572947069706
8.916666666666666,27.71715580341781
9.0,27.824609373872907
9.083333333333334,27.878193790038196
9.166666666666666,28.037802169801182
9.25,28.090255638072982
9.333333333333334,28.1903483628804
9.416666666666666,28.29056967879727
9.5,28.47252695643567
9.583333333333334,28.702881926932893
9.666666666666666,28.87906224168595
9.75,28.785416998371495
9.833333333333334,28.80119140854307
9.916666666666666,29.02494030969097
10.0,28.9666719767959
10.083333333333334,29.265273375028606
10.166666666666666,29.48286939277363
10.25,29.381396044596997
10.333333333333334,29.323636594015092
10.416666666666666,29.535912594095922
10.5,29.414496269635904
10.583333333333334,29.493307800576538
10.666666666666666,29.52915556644204
10.75,29.25164051167119
10.833333333333334,29.512228437435734
10.916666666666666,29.56404065774008
11.0,29.82074617997294
11.083333333333334,29.87839697412311
11.166666666666666,30.1069762377625
11.25,30.278698277883166
11.333333333333334,30.34430901624403
11.416666666666666,30.399217648558064
11.5,30.734756104530344
11.583333333333334,30.452889685935332
11.666666666666666,30.640266328655553
11.75,30.781187055057426
11.833333333333334,30.849502078838068
11.916666666666666,30.918141395928146
12.0,30.807843348436847
12.083333333333334,30.781859813153545
12.166666666666666,31.060290679025968
12.25,31.12549665729969
12.333333333333334,31.189850956479948
12.416666666666666,31.073907730029898
12.5,31.289490217713563
12.583333333333334,31.51800220009575
12.666666666666666,31.41714512820527
12.75,31.633086467894213
12.833333333333334,31.691375447807342
12.916666666666666,31.544409338034953
13.0,31.721853459690927
13.083333333333334,31.604432318886296
13.166666666666666,31.677137861192676
13.25,31.90308352201302
13.333333333333334,31.60352130181306
13.416666666666666,31.662421218202862
13.5,31.844116595335485
13.583333333333334,31.856755936208003
13.666666666666666,32.17394026278288
13.75,32.04019452356384
13.833333333333334,31.801078053887494
13.916666666666666,31.767786594813405
14.0,31.534125802572838
14.083333333333334,31.442879892315602
14.166666666666666,31.347697526327337
14.25,31.11733743083555
14.333333333333334,31.189711355533408
14.416666666666666,31.222122964021334
14.5,31.42967076215399
14.583333333333334,31.427419598839435
14.666666666666666,31.67686554292822
14.75,31.634152676321182
14.833333333333334,31.42437599079095
14.916666666666666,31.122321960207614
15.0,31.08594200493921
15.083333333333334,30.799389670755843
15.166666666666666,30.811526047562975
15.25,30.450262615440366
15.333333333333334,30.26126198984709
15.416666666666666,30.148638840260954
15.5,29.97953078636855
15.583333333333334,29.750506108386638
15.666666666666666,29.74666436193126
15.75,29.557968342205957
15.833333333333334,29.225737105937572
15.916666666666666,29.1139648631299
16.0,29.110886788944686
16.083333333333332,29.035219270234105
16.166666666666668,28.952266250254354
16.25,28.705845236902622
16.333333333333332,28.39203440859982
16.416666666666668,28.413192037670736
16.5,28.292140904799595
16.583333333333332,28.20343010345081
16.666666666666668,28.253469368046858
16.75,27.904241160493346
16.833333333333332,27.6135483749434
16.916666666666668,27.623684944535594
17.0,27.45983689862298
17.083333333333332,27.27077273770988
17.166666666666668,27.40147898954235
17.25,27.15864084542728
17.333333333333332,27.256574331986414
17.416666666666668,27.28202145940119
17.5,27.105553998651047
17.583333333333332,26.817645241683483
17.666666666666668,26.651436147057062
17.75,25.927972664121384
17.833333333333332,25.640276748953383
17.916666666666668,25.259269040561925
18.0,24.963652342564387
18.083333333333332,24.957795066221085
18.166666666666668,24.584665442407715
18.25,24.380969537218505
18.333333333333332,24.090153602687423
18.416666666666668,23.869197674548243
18.5,23.855959699334853
18.583333333333332,23.661897940940367
18.666666666666668,23.08343305143958
18.75,23.025792420878044
18.833333333333332,22.837382745323193
18.916666666666668,22.75239402481201
19.0,22.647230126234174
19.083333333333332,22.346310383449854
19.166666666666668,22.085145703700274
19.25,22.27647836107784
19.333333333333332,22.256463548436393
19.416666666666668,21.77594283316635
19.5,21.712270555593577
19.583333333333332,21.446551005023306
19.666666666666668,21.376661246189315
19.75,21.20183826373039
19.833333333333332,20.788504055531266
19.916666666666668,20.622217115397213
20.0,20.804824795811545
20.083333333333332,20.502448227955192
20.166666666666668,20.399964601195453
20.25,20.11248739433602
20.333333333333332,19.996831175275965
20.416666666666668,20.08445561191758
20.5,19.950171710997466
20.583333333333332,19.588756866033012
20.666666666666668,19.717024518248323
20.75,19.88861288617224
20.833333333333332,19.956417124189997
20.916666666666668,19.757730865487375
21.0,19.40572807979953
21.083333333333332,19.41420057194374
21.166666666666668,19.392293996881943
21.25,19.257923692704594
21.333333333333332,19.02869225277965
21.416666666666668,18.73451915593895
21.5,18.836118410700372
21.583333333333332,18.46079972037752
21.666666666666668,18.14372140352187
21.75,18.145527322412498
21.833333333333332,17.906995749573607
21.916666666666668,17.96480600480593
22.0,17.8720368636879
22.083333333333332,17.79822376099871
22.166666666666668,18.15817116233936
22.25,18.419396712521902
22.333333333333332,18.2684142555839
22.416666666666668,18.53296684287175
22.5,18.341299350113104
22.583333333333332,18.39094310470556
22.666666666666668,18.496997849967098
22.75,18.512267166656724
22.833333333333332,18.290848580247506
22.916666666666668,18.47917150606539
23.0,18.3227169959318
23.083333333333332,18.359213226618557
23.166666666666668,18.575834663391152
23.25,18.73704630288327
23.333333333333332,18.609483067450853
23.416666666666668,18.962288079612755
23.5,18.775323608178315
23.583333333333332,18.84968599229479
23.666666666666668,18.95507390351207
23.75,18.965976291602665
23.833333333333332,18.771230803844443
23.916666666666668,18.94968742293688
24.0,18.713322959579344
24.083333333333332,18.935669436689953
24.166666666666668,19.11944859223726
24.25,19.164951344597654
24.333333333333332,19.128061125462406
24.416666666666668,19.37879916754095
24.5,19.51668582446738
24.583333333333332,19.747000973580416
24.666666666666668,19.969352588168604
24.75,19.862387725931157
24.833333333333332,19.84414967819746
24.916666666666668,20.09691194589667
25.0,20.15348251470058
25.083333333333332,20.206932704959655
25.166666666666668,20.219612556018383
25.25,20.386932744422808
25.333333333333332,20.508295742408794
25.416666666666668,20.729923227172723
25.5,20.717229170766693
25.583333333333332,20.719037817322857
25.666666666666668,20.943958346097286
25.75,21.122246740352534
25.833333333333332,21.16686643195072
25.916666666666668,21.48153872223233
26.0,21.519382558069942
26.083333333333332,21.71840392995384
26.166666666666668,21.80571482859102
26.25,21.814908209107152
26.333333333333332,21.80316591003116
26.416666666666668,21.81840719692665
26.5,21.833944056374545
26.583333333333332,21.834265025150575
26.666666666666668,22.091137787733683
26.75,22.10668793236772
26.833333333333332,22.025265264906587
26.916666666666668,22.266153383708765
27.0,22.438422071399053
27.083333333333332,22.53378317961397
27.166666666666668,22.79028719465638
27.25,22.640033532733685
27.333333333333332,22.741800480029575
27.416666666666668,22.977597744626514
27.5,22.85523046336879
27.583333333333332,22.962564357737016
27.666666666666668,22.95977135353154
27.75,22.877922891139495
27.833333333333332,22.925854767536194
27.916666666666668,23.15780726920642
28.0,23.165892164528145
28.083333333333332,23.229451056862647
28.166666666666668,23.22496903086951
28.25,23.347869322137193
28.333333333333332,23.461378206877438
28.416666666666668,23.520404496620376
28.5,23.57491360392558
28.583333333333332,23.54810562641464
28.666666666666668,23.5545947022792
28.75,23.51715823329729
28.833333333333332,23.536474949018686
28.916666666666668,23.700876837595324
29.0,23.99352516329952
29.083333333333332,24.134542812723563
29.166666666666668,24.350643551844005
29.25,24.57762271458376
29.333333333333332,24.61292333282693
29.416666666666668,24.70249154092614
29.5,24.700838375262187
29.583333333333332,24.635613225003535
29.666666666666668,24.509254106210708
29.75,24.652841199531675
29.833333333333332,24.895954472610264
29.916666666666668,25.063745888498822
30.0,25.177356111857307
30.083333333333332,25.35480379493464
30.166666666666668,25.33771426814836
30.25,25.523635347450657
30.333333333333332,25.53167510846717
30.416666666666668,25.433867732794415
30.5,25.42445835638866
30.583333333333332,25.44821829434506
30.666666666666668,25.493548820594548
30.75,25.773015064331002
30.833333333333332,25.92533488739086
30.916666666666668,26.23885782596226
31.0,26.20951737855416
31.083333333333332,26.467758378316443
31.166666666666668,26.556843820094254
31.25,26.821899777506253
31.333333333333332,26.636199255906533
31.416666666666668,26.50397412726185
31.5,26.26365582812094
31.583333333333332,26.183803033197144
31.666666666666668,26.100152386433095
31.75,26.069543706748952
31.833333333333332,25.914565929519224
31.916666666666668,26.125110964447018
32.0,26.515635727118774
32.083333333333336,26.77393154754082
32.166666666666664,27.032947619826583
32.25,27.073620001267678
32.333333333333336,27.300902343346145
32.416666666666664,27.218172219718667
32.5,27.47479134272945
32.583333333333336,27.482543131930875
32.666666666666664,27.40867266381099
32.75,27.368154595856325
32.833333333333336,27.71583477325319
32.916666666666664,27.737707335809098
33.0,28.122106927153027
33.083333333333336,27.823455254429724
33.166666666666664,27.713821193627012
33.25,27.862429876691483
33.333333333333336,28.158650392498306
33.416666666666664,28.048166337934536
33.5,28.22867179842101
33.583333333333336,28.06190980533877
33.666666666666664,28.324986731637807
33.75,28.50469929633568
33.833333333333336,28.660613320719165
33.916666666666664,28.834463629378106
34.0,28.85534531622343
34.083333333333336,28.706803944798665
34.166666666666664,29.072704469970667
34.25,29.2246211623447
34.333333333333336,29.22269571272021
34.416666666666664,29.43813449241035
34.5,29.466470136093903
34.583333333333336,29.825596140654604
34.666666666666664,30.10372125179324
34.75,30.28744396188177
34.833333333333336,30.54333452475463
34.916666666666664,30.69259233279709
35.0,30.71731339051589
35.083333333333336,30.867476065067464
35.166666666666664,30.97728189540491
35.25,30.945872943005142
35.333333333333336,30.873639582831643
35.416666666666664,30.877030059767094
35.5,30.78555796414392
35.583333333333336,30.618273051372746
35.666666666666664,30.388221662297106
35.75,30.275430079849723
35.833333333333336,30.53964911071247
35.916666666666664,30.70227608340732
36.0,30.656387960631285
36.083333333333336,31.107267993423406
36.166666666666664,31.145549047485137
36.25,31.241611111083586
36.333333333333336,31.320513264012348
36.416666666666664,31.333526698876486
36.5,31.205765619905385
36.583333333333336,31.005127206076992
36.666666666666664,30.849248122593277
36.75,30.894542847402043
36.833333333333336,31.19851353218595
36.916666666666664,31.275535725464188
37.0,31.14892001106542
37.083333333333336,31.11444323576316
37.166666666666664,31.245916372093212
37.25,31.260832769508518
37.333333333333336,31.52653553793742
37.416666666666664,31.34029924821315
37.5,31.354379064806558
37.583333333333336,31.39491733328985
37.666666666666664,31.352046737829646
37.75,31.44511881365972
37.833333333333336,31.313404460351222
37.916666666666664,31.115546199611465
38.0,31.060975072280208
38.083333333333336,31.19265044816573
38.166666666666664,31.21706000852284
38.25,31.182499856756042
38.333333333333336,31.168981084956748
38.416666666666664,31.21924140390103
38.5,31.19703276763724
38.583333333333336,31.33888344899752
38.666666666666664,31.13067358750084
38.75,30.990785855461734
38.833333333333336,30.924752669713698
38.916666666666664,30.783732255040228
39.0,30.44345931252496
39.083333333333336,30.200652738320777
39.166666666666664,30.186966285421743
39.25,30.183919029924283
39.333333333333336,30.106913989299695
39.416666666666664,30.12480642432528
39.5,30.07344197938372
39.583333333333336,30.565536083173356
39.666666666666664,30.739397696030416
39.75,30.437000520995014
39.833333333333336,30.00402279891906
39.916666666666664,29.70900254248748
40.0,29.522472534018178
40.083333333333336,29.25268036521473
40.166666666666664,28.58671310797035
40.25,28.229668355212954
40.333333333333336,27.96196422746183
40.416666666666664,28.10188253500277
40.5,28.220886542324763
40.583333333333336,28.0282705820468
40.666666666666664,28.112439606178658
40.75,28.109613283327764
40.833333333333336,27.90821449106643
40.916666666666664,28.026541519612316
41.0,27.713638595762355
41.083333333333336,27.31050025528197
41.166666666666664,27.103829788914844
41.25,26.64697440469314
41.333333333333336,26.290804685909457
41.416666666666664,26.3043243785187
41.5,26.156421098237505
41.583333333333336,25.741835493046946
41.666666666666664,25.730631410629645
41.75,25.483196820740147
41.833333333333336,25.332209704092516
41.916666666666664,25.22678313795651
42.0,24.826247503604158
42.083333333333336,24.4176288183588
42.166666666666664,24.286740726586515
42.25,24.057924435021086
42.333333333333336,23.931713656641406
42.416666666666664,23.76599093946768
42.5,23.536811949100098
42.583333333333336,23.377586026065874
42.666666666666664,23.267609472848942
42.75,23.230529507510678
42.833333333333336,22.90025130291142
42.916666666666664,22.73151643101805
43.0,22.660860499853563
43.083333333333336,22.39211642998167
43.166666666666664,22.340781680477754
43.25,22.001862469052316
43.333333333333336,21.835614370626963
43.416666666666664,21.688697818082446
43.5,21.30262150021478
43.583333333333336,20.86539514885541
43.666666666666664,20.899577245208892
43.75,20.708443714197788
43.833333333333336,20.525622381956794
43.916666666666664,20.38184121708238
44.0,20.13140219046194
44.083333333333336,20.186231682473295
44.166666666666664,20.093947028192783
44.25,19.878179260361193
44.333333333333336,19.722349860013814
44.416666666666664,19.60011287700657
44.5,19.36032698351643
44.583333333333336,19.546849512264956
44.666666666666664,19.37466340162468
44.75,19.499400441431344
44.833333333333336,19.34031538589852
44.916666666666664,19.295737268907807
45.0,19.463925374544438
45.083333333333336,19.13536719307458
45.166666666666664,18.844157469052647
45.25,18.895845052373836
45.333333333333336,18.701903286217487
45.416666666666664,18.803187156252008
45.5,18.60837109963933
45.583333333333336,18.393287201775657
45.666666666666664,18.60275357694928
45.75,18.77708246760044
45.833333333333336,18.695002474902324
45.916666666666664,18.716569392719318
46.0,18.591821744960008
46.083333333333336,18.57479699578836
46.166666666666664,18.490040866540706
46.25,18.532348524994102
46.333333333333336,18.335026348891095
46.416666666666664,18.328082602404706
46.5,18.52041241015832
46.583333333333336,18.665412615338372
46.666666666666664,18.686831329850698
46.75,18.88100955987703
46.833333333333336,18.801186704990677
46.916666666666664,18.632617711891186
47.0,18.504805051037927
47.083333333333336,18.07850390985006
47.166666666666664,17.967550773703568
47.25,18.039679963992864
47.333333333333336,18.130642281076067
47.416666666666664,18.25507614980604
47.5,18.507073265900917
47.583333333333336,18.764745751763073
47.666666666666664,18.776974434498598
47.75,16.157322798683744
47.833333333333336,13.489060374761602
47.916666666666664,10.624467174821723
