Tempo_h,Temp_Quant_8bit_C
0.0,19.4140625
0.08333333333333333,18.9453125
0.16666666666666666,19.6484375
0.25,20.4296875
0.3333333333333333,19.1015625
0.4166666666666667,19.1796875
0.5,20.6640625
0.5833333333333334,20.1171875
0.6666666666666666,19.2578125
0.75,20.1171875
0.8333333333333334,19.4140625
0.9166666666666666,19.4921875
1.0,20.1171875
1.0833333333333333,18.4765625
1.1666666666666667,18.7890625
1.25,19.8046875
1.3333333333333333,19.4921875
1.4166666666666667,20.6640625
1.5,19.8046875
1.5833333333333333,19.4921875
1.6666666666666667,21.9140625
1.75,20.6640625
1.8333333333333333,20.9765625
1.9166666666666667,19.8828125
2.0,20.6640625
2.0833333333333335,21.2890625
2.1666666666666665,20.3515625
2.25,21.6796875
2.3333333333333335,20.9765625
2.4166666666666665,21.3671875
2.5,21.2109375
2.5833333333333335,23.2421875
2.6666666666666665,21.8359375
2.75,21.1328125
2.8333333333333335,22.6953125
2.9166666666666665,21.2109375
3.0,22.4609375
3.0833333333333335,20.8203125
3.1666666666666665,21.3671875
3.25,22.6953125
3.3333333333333335,23.2421875
3.4166666666666665,22.8515625
3.5,22.6953125
3.5833333333333335,22.6171875
3.6666666666666665,21.7578125
3.75,22.4609375
3.8333333333333335,22.7734375
3.9166666666666665,24.1015625
4.0,23.5546875
4.083333333333333,21.9921875
4.166666666666667,23.7109375
4.25,23.2421875
4.333333333333333,23.0859375
4.416666666666667,24.1796875
4.5,24.5703125
4.583333333333333,24.5703125
4.666666666666667,23.2421875
4.75,23.7109375
4.833333333333333,24.3359375
4.916666666666667,24.8828125
5.0,23.7890625
5.083333333333333,24.1015625
5.166666666666667,23.4765625
5.25,23.4765625
5.333333333333333,25.1171875
5.416666666666667,25.5859375
5.5,24.5703125
5.583333333333333,25.5078125
5.666666666666667,25.0390625
5.75,24.2578125
5.833333333333333,25.1953125
5.916666666666667,26.1328125
6.0,24.9609375
6.083333333333333,26.2890625
6.166666666666667,23.0078125
6.25,25.8203125
6.333333333333333,25.3515625
6.416666666666667,25.1171875
6.5,25.4296875
6.583333333333333,23.8671875
6.666666666666667,25.3515625
6.75,25.8984375
6.833333333333333,26.8359375
6.916666666666667,25.3515625
7.0,25.1171875
7.083333333333333,25.5078125
7.166666666666667,26.6796875
7.25,26.2890625
7.333333333333333,25.6640625
7.416666666666667,26.6015625
7.5,26.2890625
7.583333333333333,27.0703125
7.666666666666667,25.8203125
7.75,26.2109375
7.833333333333333,26.2109375
7.916666666666667,25.4296875
8.0,26.9140625
8.083333333333334,26.9921875
8.166666666666666,26.8359375
8.25,26.7578125
8.333333333333334,25.8984375
8.416666666666666,26.7578125
8.5,26.9140625
8.583333333333334,26.6796875
8.666666666666666,27.2265625
8.75,27.7734375
8.833333333333334,29.1015625
8.916666666666666,27.7734375
9.0,27.9296875
9.083333333333334,27.7734375
9.166666666666666,26.3671875
9.25,28.0078125
9.333333333333334,28.1640625
9.416666666666666,30.1953125
9.5,28.1640625
9.583333333333334,28.6328125
9.666666666666666,28.4765625
9.75,27.6953125
9.833333333333334,29.6484375
9.916666666666666,29.4140625
10.0,29.4921875
10.083333333333334,28.2421875
10.166666666666666,30.1953125
10.25,28.0859375
10.333333333333334,29.7265625
10.416666666666666,31.1328125
10.5,28.7109375
10.583333333333334,29.1015625
10.666666666666666,29.7265625
10.75,29.3359375
10.833333333333334,28.6328125
10.916666666666666,30.0390625
11.0,29.1796875
11.083333333333334,30.5078125
11.166666666666666,29.4921875
11.25,31.5234375
11.333333333333334,29.8046875
11.416666666666666,30.1953125
11.5,31.2109375
11.583333333333334,29.6484375
11.666666666666666,30.8984375
11.75,31.8359375
11.833333333333334,29.5703125
11.916666666666666,31.0546875
12.0,31.2109375
12.083333333333334,31.6796875
12.166666666666666,30.1171875
12.25,30.1171875
12.333333333333334,31.6796875
12.416666666666666,31.5234375
12.5,31.5234375
12.583333333333334,31.6796875
12.666666666666666,30.8984375
12.75,31.6796875
12.833333333333334,31.7578125
12.916666666666666,30.9765625
13.0,33.0078125
13.083333333333334,31.9140625
13.166666666666666,30.6640625
13.25,32.1484375
13.333333333333334,30.8203125
13.416666666666666,32.2265625
13.5,32.5390625
13.583333333333334,30.9765625
13.666666666666666,32.3828125
13.75,31.9140625
13.833333333333334,32.2265625
13.916666666666666,33.0078125
14.0,31.2890625
14.083333333333334,30.8203125
14.166666666666666,30.7421875
14.25,30.7421875
14.333333333333334,31.2890625
14.416666666666666,31.5234375
14.5,31.4453125
14.583333333333334,31.8359375
14.666666666666666,31.0546875
14.75,32.1484375
14.833333333333334,30.7421875
14.916666666666666,33.0078125
15.0,31.2109375
15.083333333333334,29.9609375
15.166666666666666,29.7265625
15.25,30.8203125
15.333333333333334,30.1171875
15.416666666666666,30.8203125
15.5,30.5078125
15.583333333333334,29.8828125
15.666666666666666,29.1796875
15.75,28.4765625
15.833333333333334,29.2578125
15.916666666666666,30.1171875
16.0,29.4921875
16.083333333333332,28.1640625
16.166666666666668,29.1015625
16.25,29.1796875
16.333333333333332,28.0078125
16.416666666666668,28.6328125
16.5,28.3984375
16.583333333333332,27.3046875
16.666666666666668,28.3203125
16.75,28.3203125
16.833333333333332,28.5546875
16.916666666666668,28.3203125
17.0,26.2109375
17.083333333333332,26.3671875
17.166666666666668,27.3828125
17.25,27.1484375
17.333333333333332,26.9921875
17.416666666666668,29.4140625
17.5,26.6015625
17.583333333333332,26.9140625
17.666666666666668,26.5234375
17.75,26.1328125
17.833333333333332,25.1171875
17.916666666666668,25.8203125
18.0,24.4140625
18.083333333333332,24.6484375
18.166666666666668,24.2578125
18.25,24.4921875
18.333333333333332,26.0546875
18.416666666666668,22.5390625
18.5,24.4140625
18.583333333333332,22.3828125
18.666666666666668,23.0859375
18.75,24.1015625
18.833333333333332,23.0859375
18.916666666666668,21.9921875
19.0,22.1484375
19.083333333333332,23.0859375
19.166666666666668,21.7578125
19.25,22.3046875
19.333333333333332,21.9921875
19.416666666666668,21.2890625
19.5,23.3203125
19.583333333333332,21.9921875
19.666666666666668,19.7265625
19.75,21.2890625
19.833333333333332,20.5078125
19.916666666666668,21.5234375
20.0,20.0390625
20.083333333333332,20.4296875
20.166666666666668,20.8203125
20.25,20.9765625
20.333333333333332,19.1796875
20.416666666666668,19.7265625
20.5,19.4921875
20.583333333333332,19.2578125
20.666666666666668,21.0546875
20.75,19.8828125
20.833333333333332,18.4765625
20.916666666666668,20.1171875
21.0,20.9765625
21.083333333333332,19.9609375
21.166666666666668,17.8515625
21.25,18.6328125
21.333333333333332,19.9609375
21.416666666666668,18.3203125
21.5,19.1796875
21.583333333333332,19.3359375
21.666666666666668,17.9296875
21.75,18.5546875
21.833333333333332,15.9765625
21.916666666666668,17.6953125
22.0,18.3203125
22.083333333333332,17.4609375
22.166666666666668,19.7265625
22.25,17.3046875
22.333333333333332,18.0859375
22.416666666666668,18.4765625
22.5,19.5703125
22.583333333333332,17.2265625
22.666666666666668,19.3359375
22.75,18.3984375
22.833333333333332,17.6171875
22.916666666666668,18.7890625
23.0,18.6328125
23.083333333333332,18.0078125
23.166666666666668,18.5546875
23.25,18.2421875
23.333333333333332,18.6328125
23.416666666666668,19.1796875
23.5,19.9609375
23.583333333333332,17.6953125
23.666666666666668,20.5078125
23.75,17.2265625
23.833333333333332,18.7890625
23.916666666666668,19.4140625
24.0,19.2578125
24.083333333333332,18.5546875
24.166666666666668,18.9453125
24.25,18.7890625
24.333333333333332,18.7890625
24.416666666666668,20.0390625
24.5,19.7265625
24.583333333333332,18.9453125
24.666666666666668,20.3515625
24.75,19.9609375
24.833333333333332,20.4296875
24.916666666666668,20.3515625
25.0,19.2578125
25.083333333333332,19.5703125
25.166666666666668,20.7421875
25.25,20.7421875
25.333333333333332,20.2734375
25.416666666666668,20.5078125
25.5,21.5234375
25.583333333333332,20.1171875
25.666666666666668,21.1328125
25.75,20.6640625
25.833333333333332,20.7421875
25.916666666666668,21.9140625
26.0,21.7578125
26.083333333333332,21.8359375
26.166666666666668,22.3046875
26.25,21.4453125
26.333333333333332,22.0703125
26.416666666666668,21.3671875
26.5,21.9140625
26.583333333333332,21.6796875
26.666666666666668,21.9921875
26.75,22.4609375
26.833333333333332,21.4453125
26.916666666666668,23.8671875
27.0,21.4453125
27.083333333333332,21.3671875
27.166666666666668,23.3984375
27.25,23.1640625
27.333333333333332,23.0859375
27.416666666666668,23.2421875
27.5,22.7734375
27.583333333333332,22.1484375
27.666666666666668,23.0078125
27.75,22.5390625
27.833333333333332,23.9453125
27.916666666666668,23.0859375
28.0,22.6171875
28.083333333333332,23.0859375
28.166666666666668,23.7890625
28.25,23.0859375
28.333333333333332,22.9296875
28.416666666666668,23.8671875
28.5,23.9453125
28.583333333333332,23.3984375
28.666666666666668,23.5546875
28.75,24.1796875
28.833333333333332,22.9296875
28.916666666666668,23.0078125
29.0,23.6328125
29.083333333333332,24.1015625
29.166666666666668,24.5703125
29.25,25.5859375
29.333333333333332,25.1953125
29.416666666666668,24.4140625
29.5,24.5703125
29.583333333333332,23.8671875
29.666666666666668,24.7265625
29.75,24.5703125
29.833333333333332,25.1171875
29.916666666666668,24.2578125
30.0,25.4296875
30.083333333333332,26.2890625
30.166666666666668,25.0390625
30.25,25.5078125
30.333333333333332,25.8203125
30.416666666666668,25.0390625
30.5,25.5859375
30.583333333333332,25.5078125
30.666666666666668,25.5859375
30.75,24.9609375
30.833333333333332,25.6640625
30.916666666666668,26.1328125
31.0,26.9921875
31.083333333333332,26.6015625
31.166666666666668,27.6953125
31.25,25.4296875
31.333333333333332,26.7578125
31.416666666666668,26.2890625
31.5,28.0078125
31.583333333333332,25.6640625
31.666666666666668,25.7421875
31.75,25.9765625
31.833333333333332,24.8046875
31.916666666666668,26.2109375
32.0,26.0546875
32.083333333333336,26.9140625
32.166666666666664,27.1484375
32.25,28.4765625
32.333333333333336,27.7734375
32.416666666666664,26.6796875
32.5,26.5234375
32.583333333333336,27.6953125
32.666666666666664,26.2890625
32.75,28.9453125
32.833333333333336,28.4765625
32.916666666666664,27.3046875
33.0,26.3671875
33.083333333333336,28.9453125
33.166666666666664,27.8515625
33.25,29.0234375
33.333333333333336,26.8359375
33.416666666666664,27.7734375
33.5,28.3203125
33.583333333333336,28.4765625
33.666666666666664,28.1640625
33.75,29.1015625
33.833333333333336,27.8515625
33.916666666666664,28.7109375
34.0,29.0234375
34.083333333333336,29.4140625
34.166666666666664,29.6484375
34.25,28.3203125
34.333333333333336,28.0859375
34.416666666666664,30.4296875
34.5,29.7265625
34.583333333333336,28.9453125
34.666666666666664,30.8984375
34.75,29.8828125
34.833333333333336,30.8203125
34.916666666666664,30.0390625
35.0,31.6796875
35.083333333333336,31.5234375
35.166666666666664,30.0390625
35.25,31.0546875
35.333333333333336,30.8984375
35.416666666666664,31.6015625
35.5,29.8046875
35.583333333333336,31.2109375
35.666666666666664,31.6015625
35.75,29.4140625
35.833333333333336,29.8828125
35.916666666666664,29.3359375
36.0,30.8203125
36.083333333333336,31.6015625
36.166666666666664,32.3046875
36.25,31.2109375
36.333333333333336,32.5390625
36.416666666666664,30.1953125
36.5,29.9609375
36.583333333333336,31.3671875
36.666666666666664,31.7578125
36.75,31.4453125
36.833333333333336,29.8046875
36.916666666666664,31.4453125
37.0,30.5078125
37.083333333333336,32.0703125
37.166666666666664,31.9140625
37.25,30.8203125
37.333333333333336,31.2109375
37.416666666666664,30.7421875
37.5,31.5234375
37.583333333333336,32.3828125
37.666666666666664,30.8203125
37.75,31.9921875
37.833333333333336,31.1328125
37.916666666666664,30.8984375
38.0,31.4453125
38.083333333333336,30.6640625
38.166666666666664,30.9765625
38.25,30.4296875
38.333333333333336,32.9296875
38.416666666666664,31.2890625
38.5,30.6640625
38.583333333333336,31.2890625
38.666666666666664,30.9765625
38.75,30.8203125
38.833333333333336,31.4453125
38.916666666666664,31.4453125
39.0,30.3515625
39.083333333333336,30.1953125
39.166666666666664,30.3515625
39.25,28.6328125
39.333333333333336,29.1015625
39.416666666666664,31.2890625
39.5,31.4453125
39.583333333333336,29.8046875
39.666666666666664,30.2734375
39.75,29.9609375
39.833333333333336,32.0703125
39.916666666666664,30.3515625
40.0,29.1796875
40.083333333333336,28.3984375
40.166666666666664,27.6953125
40.25,29.0234375
40.333333333333336,28.0859375
40.416666666666664,27.3828125
40.5,27.8515625
40.583333333333336,27.3046875
40.666666666666664,29.3359375
40.75,28.5546875
40.833333333333336,27.6953125
40.916666666666664,28.6328125
41.0,27.3828125
41.083333333333336,26.4453125
41.166666666666664,28.1640625
41.25,27.1484375
41.333333333333336,25.7421875
41.416666666666664,26.2109375
41.5,25.5078125
41.583333333333336,24.8828125
41.666666666666664,26.5234375
41.75,27.1484375
41.833333333333336,24.2578125
41.916666666666664,25.6640625
42.0,24.4921875
42.083333333333336,24.4140625
42.166666666666664,24.1015625
42.25,23.7109375
42.333333333333336,24.2578125
42.416666666666664,23.3203125
42.5,24.0234375
42.583333333333336,23.6328125
42.666666666666664,23.2421875
42.75,22.5390625
42.833333333333336,22.6171875
42.916666666666664,23.4765625
43.0,23.0859375
43.083333333333336,21.7578125
43.166666666666664,22.3828125
43.25,22.7734375
43.333333333333336,20.6640625
43.416666666666664,22.2265625
43.5,21.1328125
43.583333333333336,21.9140625
43.666666666666664,20.7421875
43.75,19.7265625
43.833333333333336,19.7265625
43.916666666666664,20.8984375
44.0,20.8984375
44.083333333333336,19.8046875
44.166666666666664,20.8984375
44.25,18.9453125
44.333333333333336,20.1171875
44.416666666666664,19.0234375
44.5,19.4140625
44.583333333333336,19.8046875
44.666666666666664,18.9453125
44.75,19.2578125
44.833333333333336,20.2734375
44.916666666666664,18.8671875
45.0,19.9609375
45.083333333333336,18.2421875
45.166666666666664,19.4921875
45.25,20.1171875
45.333333333333336,16.9140625
45.416666666666664,18.2421875
45.5,19.2578125
45.583333333333336,18.5546875
45.666666666666664,18.9453125
45.75,18.1640625
45.833333333333336,18.6328125
45.916666666666664,18.3984375
46.0,19.4140625
46.083333333333336,18.7109375
46.166666666666664,18.7109375
46.25,18.0859375
46.333333333333336,18.0078125
46.416666666666664,18.0859375
46.5,18.7109375
46.583333333333336,18.0859375
46.666666666666664,18.6328125
46.75,20.0390625
46.833333333333336,19.1015625
46.916666666666664,18.1640625
47.0,19.4140625
47.083333333333336,18.1640625
47.166666666666664,16.9140625
47.25,17.7734375
47.333333333333336,17.0703125
47.416666666666664,18.3203125
47.5,18.7109375
47.583333333333336,20.0390625
47.666666666666664,19.0234375
47.75,18.6328125
47.833333333333336,19.5703125
47.916666666666664,17.1484375
