Amostra_n,Tempo_s,Tempo_h,Temp_Ideal_C,Temp_Ruidosa_C,Temp_Quant_4bit_C,Temp_Quant_8bit_C,Temp_Filtrada_M7_C
0,0,0.0,19.0,19.397371322408986,19.375,19.4140625,11.20503879273948
1,300,0.08333333333333333,19.06685691856855,18.956245477631605,19.375,18.9453125,13.93303613247823
2,600,0.16666666666666666,19.136444284630343,19.654595115110897,19.375,19.6484375,16.672037821908788
3,900,0.25,19.208635748898455,20.427059634024875,20.625,20.4296875,19.62959920073976
4,1200,0.3333333333333333,19.283304077949925,19.095981378171256,19.375,19.1015625,19.734951500363074
5,1500,0.4166666666666667,19.360321391573237,19.17301182601389,19.375,19.1796875,19.773859887582457
6,1800,0.5,19.439559399410918,20.70292965181683,20.625,20.6640625,19.84082651413762
7,2100,0.5833333333333334,19.520889636449848,20.134837419772175,20.625,20.1171875,19.694877594368563
8,2400,0.6666666666666666,19.604183696915257,19.228604188167296,19.375,19.2578125,19.75144978293221
9,2700,0.75,19.68931346612825,20.123361500997024,20.625,20.1171875,19.890735930575712
10,3000,0.8333333333333334,19.77615134989145,19.40541719564148,19.375,19.4140625,19.578178278955942
11,3300,0.9166666666666666,19.86457050097298,19.491986698116776,19.375,19.4921875,19.381505602420887
12,3600,1.0,19.95444504226559,20.14801485951842,20.625,20.1171875,19.460523767418366
13,3900,1.0833333333333333,20.045650286204662,18.515026090478422,18.125,18.4765625,19.373723666354053
14,4200,1.1666666666666667,20.13806295003721,18.758128684026783,19.375,18.7890625,19.554769204377116
15,4500,1.25,20.231561366542447,19.78173134314967,19.375,19.8046875,19.597480206974023
16,4800,1.3333333333333333,20.326025689814358,19.515760793546818,19.375,19.4921875,19.502650108390004
17,5100,1.4166666666666667,20.4213380957267,20.672735961802918,20.625,20.6640625,19.983894803692483
18,5400,1.5,20.517382976712103,19.790963716295135,19.375,19.8046875,20.25104392323887
19,5700,1.5833333333333333,20.614047130498502,19.484204169430267,19.375,19.4921875,20.419465964376705
20,6000,1.6666666666666667,20.71121994245857,21.883738957595813,21.875,21.9140625,20.469347006084803
21,6300,1.75,20.808793561240723,20.628172520851493,20.625,20.6640625,20.46858179773437
22,6600,1.8333333333333333,20.906663067364157,20.960685631114497,20.625,20.9765625,20.682698852191855
23,6900,1.9166666666666667,21.004726634474284,19.864928085503518,19.375,19.8828125,20.810429419950363
24,7200,2.0,21.102885682970026,20.66737950334988,20.625,20.6640625,20.783832431669275
25,7500,2.0833333333333335,21.201045025729652,21.289783097497544,21.875,21.2890625,20.83896717347762
26,7800,2.1666666666666665,21.29911300567766,20.37831814373982,20.625,20.3515625,20.895805340558805
27,8100,2.25,21.39700162495166,21.697560039628197,21.875,21.6796875,21.08758752947297
28,8400,2.3333333333333335,21.494626665444912,21.014115713509867,20.625,20.9765625,21.458956123241524
29,8700,2.4166666666666665,21.591907800517447,21.358552800682826,21.875,21.3671875,21.541865279458175
30,9000,2.5,21.68876869768619,21.20740340790267,20.625,21.2109375,21.64924264521279
31,9300,2.5833333333333335,21.785137112122612,23.266959659729764,23.125,23.2421875,21.796543204688682
32,9600,2.6666666666666665,21.880944970804443,21.870147191014095,21.875,21.8359375,21.821342908478336
33,9900,2.75,21.97612844718685,21.129959704022127,20.625,21.1328125,21.97361396393572
34,10200,2.8333333333333335,22.070628026276875,22.728663955959426,23.125,22.6953125,21.912807462603244
35,10500,2.9166666666666665,22.164388560014256,21.187713640037437,20.625,21.2109375,21.642984934402552
36,10800,3.0,22.257359312880716,22.42445018888452,21.875,22.4609375,21.759904105708483
37,11100,3.0833333333333335,22.349493997679172,20.78175789857535,20.625,20.8203125,22.057232610190376
38,11400,3.1666666666666665,22.44075080144366,21.378201962324916,21.875,21.3671875,22.073994588271535
39,11700,3.25,22.531092401460302,22.6885813901556,23.125,22.6953125,22.290578573904856
40,12000,3.3333333333333335,22.620485971399077,23.211259235395406,23.125,23.2421875,22.321633486845553
41,12300,3.4166666666666665,22.708903177575543,22.84599780252752,23.125,22.8515625,22.464991318588883
42,12600,3.5,22.796320165381278,22.703801539470685,23.125,22.6953125,22.621894257390117
43,12900,3.5833333333333335,22.88271753594085,22.641834579469418,23.125,22.6171875,22.633118775040202
44,13200,3.6666666666666665,22.968080313072587,21.785262720778647,21.875,21.7578125,22.754878095952193
45,13500,3.75,23.052397900649314,22.476522533933547,21.875,22.4609375,22.858868800924178
46,13800,3.8333333333333335,23.135664030474032,22.767153013706203,23.125,22.7734375,22.753857499701628
47,14100,3.9166666666666665,23.2178767008042,24.063574481779334,24.375,24.1015625,22.907524497283013
48,14400,4.0,23.299038105676658,23.573932737331425,23.125,23.5546875,23.113662972141746
49,14700,4.083333333333333,23.379154555203005,21.96872243091282,21.875,21.9921875,23.198705395006886
50,15000,4.166666666666667,23.45823638702328,23.717503562539115,23.125,23.7109375,23.40036594978249
51,15300,4.25,23.536297869122844,23.22823204478979,23.125,23.2421875,23.475478051754877
52,15600,4.333333333333333,23.61335709423427,23.071819493989505,23.125,23.0859375,23.619742114566705
53,15900,4.416666666666667,23.689435866062762,24.178776897135457,24.375,24.1796875,23.801451272435976
54,16200,4.5,23.764559577589285,24.589359195586045,24.375,24.5703125,23.804255827932263
55,16500,4.583333333333333,23.83875708172128,24.583781177014238,24.375,24.5703125,23.960385621908546
56,16800,4.666666666666667,23.912060554575795,23.240686535997686,23.125,23.2421875,24.222613041343216
57,17100,4.75,23.98450535169411,23.73713545101314,23.125,23.7109375,24.17046581876796
58,17400,4.833333333333333,24.05612985750093,24.32114060262378,24.375,24.3359375,24.103125988622015
59,17700,4.916666666666667,24.126975328334282,24.90741143003217,24.375,24.8828125,23.94118892473107
60,18000,5.0,24.197085729384877,23.813746339108647,24.375,23.7890625,23.97059340775802
61,18300,5.083333333333333,24.266507565895512,24.117980384564458,24.375,24.1015625,24.168311458599327
62,18600,5.166666666666667,24.335289708982433,23.45022172977761,23.125,23.4765625,24.354335716077866
63,18900,5.25,24.403483216450866,23.44651791718633,23.125,23.4765625,24.302914557083156
64,19200,5.333333333333333,24.471141148986923,25.121161806902283,25.625,25.1171875,24.540134292940348
65,19500,5.416666666666667,24.53831838211691,25.623310404973566,25.625,25.5859375,24.669972328010076
66,19800,5.5,24.605071414333473,24.547463317069205,24.375,24.5703125,24.78955132507972
67,20100,5.583333333333333,24.671458171795365,25.474284490108985,25.625,25.5078125,25.03406787610113
68,20400,5.666666666666667,24.737537810014448,25.026846630052557,25.625,25.0390625,25.18318319283129
69,20700,5.75,24.80337051294922,24.28727470926512,24.375,24.2578125,25.09004444479393
70,21000,5.833333333333333,24.869017289929474,25.158133774336203,25.625,25.1953125,25.342860421471265
71,21300,5.916666666666667,24.93453977084064,26.164969024013416,25.625,26.1328125,24.9944178695698
72,21600,6.0,25.0,24.97133916871204,24.375,24.9609375,25.11260427821243
73,21900,6.083333333333333,25.065460229159363,26.317175153810567,26.875,26.2890625,25.261865011828284
74,22200,6.166666666666667,25.13098271007053,23.035186626798733,23.125,23.0078125,25.252036750899105
75,22500,6.25,25.19662948705078,25.85415149055096,25.625,25.8203125,25.152517919882175
76,22800,6.333333333333333,25.262462189985555,25.332099844576092,25.625,25.3515625,24.995416108095085
77,23100,6.416666666666667,25.328541828204635,25.08933594783194,25.625,25.1171875,24.857694134799726
78,23400,6.5,25.39492858566653,25.468337206894933,25.625,25.4296875,25.264411308222556
79,23700,6.583333333333333,25.46168161788309,23.871626486202377,24.375,23.8671875,25.406250456259674
80,24000,6.666666666666667,25.528858851013077,25.353121340743066,25.625,25.3515625,25.404361372675314
81,24300,6.75,25.596516783549134,25.88220684075853,25.625,25.8984375,25.413901864170832
82,24600,6.833333333333333,25.664710291017567,26.84702552681078,26.875,26.8359375,25.414370697014135
83,24900,6.916666666666667,25.733492434104488,25.31887625948557,25.625,25.3515625,25.81502288993676
84,25200,7.0,25.802914270615123,25.156119388300574,25.625,25.1171875,25.9472192035497
85,25500,7.083333333333333,25.873024671665718,25.47161903679809,25.625,25.5078125,25.916065552357136
86,25800,7.166666666666667,25.94387014249907,26.676191836660728,26.875,26.6796875,25.876755743494083
87,26100,7.25,26.01549464830589,26.27849553603364,26.875,26.2890625,26.018788058123167
88,26400,7.333333333333333,26.087939445424205,25.664131282410573,25.625,25.6640625,26.29441102070359
89,26700,7.416666666666667,26.16124291827872,26.571856864769405,26.875,26.6015625,26.344894076970128
90,27000,7.5,26.235440422410715,26.313102461889148,26.875,26.2890625,26.277091302247012
91,27300,7.583333333333333,26.310564133937238,27.08548012636355,26.875,27.0703125,26.269888667166633
92,27600,7.666666666666667,26.38664290576573,25.82500043066385,25.625,25.8203125,26.239303267721024
93,27900,7.75,26.463702130877156,26.201572413598942,25.625,26.2109375,26.291589160750394
94,28200,7.833333333333333,26.541763612976716,26.22807709047099,25.625,26.2109375,26.38842702575762
95,28500,7.916666666666667,26.620845444796995,25.4500334862913,25.625,25.4296875,26.357419398397102
96,28800,8.0,26.700961894323342,26.937858115975004,26.875,26.9140625,26.490981107252345
97,29100,8.083333333333334,26.782123299195796,26.99096751693971,26.875,26.9921875,26.44784549006494
98,29400,8.166666666666666,26.864335969525968,26.868426734839936,26.875,26.8359375,26.526801077975776
99,29700,8.25,26.947602099350682,26.759932392650565,26.875,26.7578125,26.73815461156235
100,30000,8.333333333333334,27.031919686927413,25.899623093287083,25.625,25.8984375,26.69692845314409
101,30300,8.416666666666666,27.11728246405915,26.780766205846863,26.875,26.7578125,26.73400244490529
102,30600,8.5,27.203679834618722,26.929508221397306,26.875,26.9140625,26.86596266621263
103,30900,8.583333333333334,27.291096822424457,26.649275007047162,26.875,26.6796875,27.19571488433752
104,31200,8.666666666666666,27.379514028600926,27.25048545926812,26.875,27.2265625,27.465792764237406
105,31500,8.75,27.468907598539698,27.792148283991327,28.125,27.7734375,27.632637734787494
106,31800,8.833333333333334,27.55924919855634,29.068197919524764,29.375,29.1015625,27.753572947069706
107,32100,8.916666666666666,27.650506002320828,27.790168252586298,28.125,27.7734375,27.71715580341781
108,32400,9.0,27.742640687119284,27.948680999697494,28.125,27.9296875,27.824609373872907
109,32700,9.083333333333334,27.835611439985744,27.77605470737281,28.125,27.7734375,27.878193790038196
110,33000,9.166666666666666,27.929371973723125,26.39435500148389,26.875,26.3671875,28.037802169801182
111,33300,9.25,28.023871552813148,28.002660452453775,28.125,28.0078125,28.090255638072982
112,33600,9.333333333333334,28.119055029195554,28.167239197148376,28.125,28.1640625,28.1903483628804
113,33900,9.416666666666666,28.214862887877388,30.185456577865615,30.625,30.1953125,28.29056967879727
114,34200,9.5,28.311231302313807,28.157342530488908,28.125,28.1640625,28.47252695643567
115,34500,9.583333333333334,28.408092199482553,28.649330073349443,28.125,28.6328125,28.702881926932893
116,34800,9.666666666666666,28.505373334555088,28.477603918790894,28.125,28.4765625,28.87906224168595
117,35100,9.75,28.60299837504834,27.668055944952716,28.125,27.6953125,28.785416998371495
118,35400,9.833333333333334,28.700886994322335,29.61514524593435,29.375,29.6484375,28.80119140854307
119,35700,9.916666666666666,28.798954974270348,29.400501400419767,29.375,29.4140625,29.02494030969097
120,36000,10.0,28.897114317029974,29.52993987466441,29.375,29.4921875,28.9666719767959
121,36300,10.083333333333334,28.995273365525716,28.267763401689926,28.125,28.2421875,29.265273375028606
122,36600,10.166666666666666,29.093336932635843,30.21557238138472,30.625,30.1953125,29.48286939277363
123,36900,10.25,29.191206438759277,28.06972558852545,28.125,28.0859375,29.381396044596997
124,37200,10.333333333333334,29.28878005754143,29.758265732581645,29.375,29.7265625,29.323636594015092
125,37500,10.416666666666666,29.385952869501498,31.13831737014948,30.625,31.1328125,29.535912594095922
126,37800,10.5,29.482617023287897,28.690187963183348,28.125,28.7109375,29.414496269635904
127,38100,10.583333333333334,29.5786619042733,29.125623720591083,29.375,29.1015625,29.493307800576538
128,38400,10.666666666666666,29.673974310185642,29.753695402255754,29.375,29.7265625,29.52915556644204
129,38700,10.75,29.768438633457553,29.365658110164592,29.375,29.3359375,29.25164051167119
130,39000,10.833333333333334,29.86193704996279,28.621406305109886,28.125,28.6328125,29.512228437435734
131,39300,10.916666666666666,29.954349713795338,30.00920009364016,30.625,30.0390625,29.56404065774008
132,39600,11.0,30.04555495773441,29.195711986753526,29.375,29.1796875,29.82074617997294
133,39900,11.083333333333334,30.135429499027016,30.514303443535162,30.625,30.5078125,29.87839697412311
134,40200,11.166666666666666,30.22384865010855,29.488309262721508,29.375,29.4921875,30.1069762377625
135,40500,11.25,30.310686533871745,31.550634057885777,31.875,31.5234375,30.278698277883166
136,40800,11.333333333333334,30.395816303084743,29.769213669215752,29.375,29.8046875,30.34430901624403
137,41100,11.416666666666666,30.479110363550152,30.22146115058561,30.625,30.1953125,30.399217648558064
138,41400,11.5,30.560440600589082,31.211254374484817,30.625,31.2109375,30.734756104530344
139,41700,11.583333333333334,30.639678608426763,29.6549871552796,29.375,29.6484375,30.452889685935332
140,42000,11.666666666666666,30.716695922050075,30.89866386973338,30.625,30.8984375,30.640266328655553
141,42300,11.75,30.791364251101545,31.837078454527486,31.875,31.8359375,30.781187055057426
142,42600,11.833333333333334,30.863555715369657,29.577569127720675,29.375,29.5703125,30.849502078838068
143,42900,11.916666666666666,30.93314308143145,31.080850168257292,30.625,31.0546875,30.918141395928146
144,43200,12.0,31.0,31.207906235398738,30.625,31.2109375,30.807843348436847
145,43500,12.083333333333334,31.064001243527457,31.689459540949304,31.875,31.6796875,30.781859813153545
146,43800,12.166666666666666,31.12502294361263,30.135462374910166,30.625,30.1171875,31.060290679025968
147,44100,12.25,31.182942827761696,30.126577537294274,30.625,30.1171875,31.12549665729969
148,44400,12.333333333333334,31.237640455050865,31.655193707544385,31.875,31.6796875,31.189850956479948
149,44700,12.416666666666666,31.28899745024107,31.526585188827617,31.875,31.5234375,31.073907730029898
150,45000,12.5,31.336897735896642,31.537292016173343,31.875,31.5234375,31.289490217713563
151,45300,12.583333333333334,31.38122776206297,31.65838632966055,31.875,31.6796875,31.51800220009575
152,45600,12.666666666666666,31.42187673306175,30.877856955798958,30.625,30.8984375,31.41714512820527
153,45900,12.75,31.458736830967016,31.64453978869582,31.875,31.6796875,31.633086467894213
154,46200,12.833333333333334,31.49170343533065,31.726161413969596,31.875,31.7578125,31.691375447807342
155,46500,12.916666666666666,31.52067533873212,30.949194204311024,30.625,30.9765625,31.544409338034953
156,46800,13.0,31.54555495773441,33.03817456665021,33.125,33.0078125,31.721853459690927
157,47100,13.083333333333334,31.566248538835808,31.945314875565238,31.875,31.9140625,31.604432318886296
158,47400,13.166666666666666,31.58266635901593,30.629623561253812,30.625,30.6640625,31.677137861192676
159,47700,13.25,31.594722920483715,32.11996580739078,31.875,32.1484375,31.90308352201302
160,48000,13.333333333333334,31.602337139245257,30.8225918030634,30.625,30.8203125,31.60352130181306
161,48300,13.416666666666666,31.605432527120282,32.23510021011425,31.875,32.2265625,31.662421218202862
162,48600,13.5,31.60393736684754,32.53081383005346,33.125,32.5390625,31.844116595335485
163,48900,13.583333333333334,31.59778487993187,30.9412390252505,30.625,30.9765625,31.856755936208003
164,49200,13.666666666666666,31.58691338689837,32.357614290293824,31.875,32.3828125,32.17394026278288
165,49500,13.75,31.571266459632984,31.901491201182182,31.875,31.9140625,32.04019452356384
166,49800,13.833333333333334,31.55079306550282,32.20844119349841,31.875,32.2265625,31.801078053887494
167,50100,13.916666666666666,31.525447702964374,33.042882089087534,33.125,33.0078125,31.767786594813405
168,50400,14.0,31.49519052838329,31.298880035580993,31.875,31.2890625,31.534125802572838
169,50700,14.083333333333334,31.45998747380501,30.85699854231902,30.625,30.8203125,31.442879892315602
170,51000,14.166666666666666,31.41981035543229,30.708198811731872,30.625,30.7421875,31.347697526327337
171,51300,14.25,31.374636972582202,30.721988744609853,30.625,30.7421875,31.11733743083555
172,51600,14.333333333333334,31.324451196912815,31.262769829381533,31.875,31.2890625,31.189711355533408
173,51900,14.416666666666666,31.269243051727237,31.54216463158055,31.875,31.5234375,31.222122964021334
174,52200,14.5,31.209008781181016,31.43036142064503,31.875,31.4453125,31.42967076215399
175,52500,14.583333333333334,31.14375090923719,31.80549750846601,31.875,31.8359375,31.427419598839435
176,52800,14.666666666666666,31.07347828823218,31.083879801734508,30.625,31.0546875,31.67686554292822
177,53100,14.75,30.99820613693458,32.161033398660436,31.875,32.1484375,31.634152676321182
178,53400,14.833333333333334,30.917956067998364,30.706230601408,30.625,30.7421875,31.42437599079095
179,53700,14.916666666666666,30.832756104731324,33.00889143800302,33.125,33.0078125,31.122321960207614
180,54000,15.0,30.742640687119284,31.243174565331287,30.625,31.2109375,31.08594200493921
181,54300,15.083333333333334,30.647650667066404,29.961924621933377,29.375,29.9609375,30.799389670755843
182,54600,15.166666666666666,30.547833292831584,29.691119294382695,29.375,29.7265625,30.811526047562975
183,54900,15.25,30.443242182661127,30.829220114855676,30.625,30.8203125,30.450262615440366
184,55200,15.333333333333334,30.33393728763755,30.15516705937687,30.625,30.1171875,30.26126198984709
185,55500,15.416666666666666,30.219984843784253,30.791185239057928,30.625,30.8203125,30.148638840260954
186,55800,15.5,30.101457313485927,30.480047413144764,30.625,30.5078125,29.97953078636855
187,56100,15.583333333333334,29.978433316303835,29.920170186178336,29.375,29.8828125,29.750506108386638
188,56400,15.666666666666666,29.85099754928514,29.173562574830417,29.375,29.1796875,29.74666436193126
189,56700,15.75,29.719240696884544,28.50736291713585,28.125,28.4765625,29.557968342205957
190,57000,15.833333333333334,29.583259330635922,29.226047368982304,29.375,29.2578125,29.225737105937572
191,57300,15.916666666666666,29.44315579873046,30.128274834189238,30.625,30.1171875,29.1139648631299
192,57600,16.0,29.299038105676658,29.47031310098082,29.375,29.4921875,29.110886788944686
193,57900,16.083333333333332,29.151019782235654,28.154428759266064,28.125,28.1640625,29.035219270234105
194,58200,16.166666666666668,28.999219745843696,29.13776448652464,29.375,29.1015625,28.952266250254354
195,58500,16.25,28.843762151750862,29.15201605553393,29.375,29.1796875,28.705845236902622
196,58800,16.333333333333332,28.684776235122666,27.97769028616176,28.125,28.0078125,28.39203440859982
197,59100,16.416666666666668,28.522396144367608,28.64537622912403,28.125,28.6328125,28.413192037670736
198,59400,16.5,28.356760765970364,28.403327740727164,28.125,28.3984375,28.292140904799595
199,59700,16.583333333333332,28.188013541125702,27.273637302861204,26.875,27.3046875,28.20343010345081
200,60000,16.666666666666668,28.016302274483827,28.302532162762454,28.125,28.3203125,28.253469368046858
201,60300,16.75,27.84177893533205,28.29040655642664,28.125,28.3203125,27.904241160493346
202,60600,16.833333333333332,27.664599451552206,28.531040446092426,28.125,28.5546875,27.6135483749434
203,60900,16.916666666666668,27.484923496706188,28.32796513833411,28.125,28.3203125,27.623684944535594
204,61200,17.0,27.302914270615123,26.20077877624945,25.625,26.2109375,27.45983689862298
205,61500,17.083333333333332,27.118738273809594,26.368478241877497,26.875,26.3671875,27.27077273770988
206,61800,17.166666666666668,26.932565076239666,27.344593290006593,26.875,27.3828125,27.40147898954235
207,62100,17.25,26.74456708064441,27.155595841374176,26.875,27.1484375,27.15864084542728
208,62400,17.333333333333332,26.554919280990084,26.966957430034924,26.875,26.9921875,27.256574331986414
209,62700,17.416666666666668,26.363799016395912,29.44598420891969,29.375,29.4140625,27.28202145940119
210,63000,17.5,26.17138572097409,26.628098129528624,26.875,26.6015625,27.105553998651047
211,63300,17.583333333333332,25.97786067001895,26.886313182163427,26.875,26.9140625,26.817645241683483
212,63600,17.666666666666668,25.783406722986346,26.546608133780907,26.875,26.5234375,26.651436147057062
213,63900,17.75,25.58820806371094,26.10932106475558,25.625,26.1328125,25.927972664121384
214,64200,17.833333333333332,25.392449938313504,25.140234542601227,25.625,25.1171875,25.640276748953383
215,64500,17.916666666666668,25.196318391255375,25.80349376764999,25.625,25.8203125,25.259269040561925
216,64800,18.0,25.0,24.38173982836994,24.375,24.4140625,24.963652342564387
217,65100,18.083333333333332,24.803681608744636,24.61422672335263,24.375,24.6484375,24.957795066221085
218,65400,18.166666666666668,24.6075500616865,24.219259223423215,24.375,24.2578125,24.584665442407715
219,65700,18.25,24.41179193628906,24.477291247798117,24.375,24.4921875,24.380969537218505
220,66000,18.333333333333332,24.216593277013658,26.068320130352465,25.625,26.0546875,24.090153602687423
221,66300,18.416666666666668,24.02213932998106,22.52832717590766,23.125,22.5390625,23.869197674548243
222,66600,18.5,23.828614279025913,24.377622431325523,24.375,24.4140625,23.855959699334853
223,66900,18.583333333333332,23.636200983604088,22.346028286652366,21.875,22.3828125,23.661897940940367
224,67200,18.666666666666668,23.44508071900992,23.06753522637837,23.125,23.0859375,23.08343305143958
225,67500,18.75,23.255432919355595,24.126593396929486,24.375,24.1015625,23.025792420878044
226,67800,18.833333333333332,23.067434923760334,23.118858939036706,23.125,23.0859375,22.837382745323193
227,68100,18.916666666666668,22.881261726190413,22.01906590384697,21.875,21.9921875,22.75239402481201
228,68400,19.0,22.697085729384877,22.124842761976904,21.875,22.1484375,22.647230126234174
229,68700,19.083333333333332,22.515076503293812,23.058754702441554,23.125,23.0859375,22.346310383449854
230,69000,19.166666666666668,22.335400548447797,21.751107243074088,21.875,21.7578125,22.085145703700274
231,69300,19.25,22.15822106466795,22.331387936333527,21.875,22.3046875,22.27647836107784
232,69600,19.333333333333332,21.983697725516183,22.020155197439234,21.875,21.9921875,22.256463548436393
233,69900,19.416666666666668,21.8119864588743,21.29070618078965,21.875,21.2890625,21.77594283316635
234,70200,19.5,21.643239234029647,23.35839450548991,23.125,23.3203125,21.712270555593577
235,70500,19.583333333333332,21.477603855632392,21.9847390734868,21.875,21.9921875,21.446551005023306
236,70800,19.666666666666668,21.31522376487734,19.695109695551256,19.375,19.7265625,21.376661246189315
237,71100,19.75,21.15623784824914,21.305401300064684,21.875,21.2890625,21.20183826373039
238,71400,19.833333333333332,21.000780254156307,20.4713510823416,20.625,20.5078125,20.788504055531266
239,71700,19.916666666666668,20.848980217764346,21.530926885601325,21.875,21.5234375,20.622217115397213
240,72000,20.0,20.700961894323342,20.06694530357718,20.625,20.0390625,20.804824795811545
241,72300,20.083333333333332,20.55684420126954,20.465055048096023,20.625,20.4296875,20.502448227955192
242,72600,20.166666666666668,20.41674066936408,20.820730492548446,20.625,20.8203125,20.399964601195453
243,72900,20.25,20.28075930311546,20.97336345845156,20.625,20.9765625,20.11248739433602
244,73200,20.333333333333332,20.14900245071486,19.18876532507024,19.375,19.1796875,19.996831175275965
245,73500,20.416666666666668,20.021566683696168,19.75396569502341,19.375,19.7265625,20.08445561191758
246,73800,20.5,19.898542686514073,19.51858643758531,19.375,19.4921875,19.950171710997466
247,74100,20.583333333333332,19.78001515621575,19.25735177015678,19.375,19.2578125,19.588756866033012
248,74400,20.666666666666668,19.666062712362454,21.07842610458733,20.625,21.0546875,19.717024518248323
249,74700,20.75,19.556757817338873,19.880743186107637,19.375,19.8828125,19.88861288617224
250,75000,20.833333333333332,19.45216670716842,18.443459543700385,18.125,18.4765625,19.956417124189997
251,75300,20.916666666666668,19.3523493329336,20.08663889057742,20.625,20.1171875,19.757730865487375
252,75600,21.0,19.257359312880716,20.955084270490822,20.625,20.9765625,19.40572807979953
253,75900,21.083333333333332,19.16724389526868,19.993216103709596,19.375,19.9609375,19.41420057194374
254,76200,21.166666666666668,19.08204393200164,17.866547959238428,18.125,17.8515625,19.392293996881943
255,76500,21.25,19.001793863065423,18.614406604772423,18.125,18.6328125,19.257923692704594
256,76800,21.333333333333332,18.926521711767823,19.94005063111712,19.375,19.9609375,19.02869225277965
257,77100,21.416666666666668,18.85624909076281,18.290113518267784,18.125,18.3203125,18.73451915593895
258,77400,21.5,18.790991218818988,19.14604676133597,19.375,19.1796875,18.836118410700372
259,77700,21.583333333333332,18.730756948272763,19.350464191016233,19.375,19.3359375,18.46079972037752
260,78000,21.666666666666668,18.67554880308719,17.93400442582472,18.125,17.9296875,18.14372140352187
261,78300,21.75,18.6253630274178,18.57774274256836,18.125,18.5546875,18.145527322412498
262,78600,21.833333333333332,18.580189644567714,15.987175772512455,15.625,15.9765625,17.906995749573607
263,78900,21.916666666666668,18.54001252619499,17.72050241312756,18.125,17.6953125,17.96480600480593
264,79200,22.0,18.50480947161671,18.30275495050218,18.125,18.3203125,17.8720368636879
265,79500,22.083333333333332,18.474552297035626,17.476325751463747,16.875,17.4609375,17.79822376099871
266,79800,22.166666666666668,18.44920693449718,19.75513597764249,19.375,19.7265625,18.15817116233936
267,80100,22.25,18.428733540367016,17.28462043799851,16.875,17.3046875,18.419396712521902
268,80400,22.333333333333332,18.413086613101633,18.061051023744046,18.125,18.0859375,18.2684142555839
269,80700,22.416666666666668,18.40221512006813,18.506807581897004,18.125,18.4765625,18.53296684287175
270,81000,22.5,18.396062633152457,19.54908126440535,19.375,19.5703125,18.341299350113104
271,81300,22.583333333333332,18.394567472879718,17.245877751936167,16.875,17.2265625,18.39094310470556
272,81600,22.666666666666668,18.39766286075474,19.328193862478706,19.375,19.3359375,18.496997849967098
273,81900,22.75,18.405277079516285,18.413463528331956,18.125,18.3984375,18.512267166656724
274,82200,22.833333333333332,18.41733364098407,17.632126720145706,18.125,17.6171875,18.290848580247506
275,82500,22.916666666666668,18.433751461164192,18.80343424057481,19.375,18.7890625,18.47917150606539
276,82800,23.0,18.45444504226559,18.613692798724365,18.125,18.6328125,18.3227169959318
277,83100,23.083333333333332,18.479324661267878,17.99915115954084,18.125,18.0078125,18.359213226618557
278,83400,23.166666666666668,18.50829656466935,18.564138232661367,18.125,18.5546875,18.575834663391152
279,83700,23.25,18.54126316903298,18.233012291543574,18.125,18.2421875,18.73704630288327
280,84000,23.333333333333332,18.57812326693825,18.668937143139246,18.125,18.6328125,18.609483067450853
281,84300,23.416666666666668,18.618772237937026,19.148476777553864,19.375,19.1796875,18.962288079612755
282,84600,23.5,18.663102264103358,19.93191571701964,19.375,19.9609375,18.775323608178315
283,84900,23.583333333333332,18.711002549758927,17.720750150697448,18.125,17.6953125,18.84968599229479
284,85200,23.666666666666668,18.76235954494913,20.468786244674146,20.625,20.5078125,18.95507390351207
285,85500,23.75,18.8170571722383,17.255386932620297,16.875,17.2265625,18.965976291602665
286,85800,23.833333333333332,18.874977056387365,18.7535489803589,19.375,18.7890625,18.771230803844443
287,86100,23.916666666666668,18.93599875647254,19.4066525216602,19.375,19.4140625,18.94968742293688
288,86400,24.0,19.0,19.224793494188027,19.375,19.2578125,18.713322959579344
289,86700,24.083333333333332,19.066856918568547,18.56869730271207,18.125,18.5546875,18.935669436689953
290,87000,24.166666666666668,19.13644428463034,18.96994648434452,19.375,18.9453125,19.11944859223726
291,87300,24.25,19.208635748898455,18.81423500117139,19.375,18.7890625,19.164951344597654
292,87600,24.333333333333332,19.28330407794992,18.81181227239455,19.375,18.7890625,19.128061125462406
293,87900,24.416666666666668,19.360321391573237,20.040003069190057,20.625,20.0390625,19.37879916754095
294,88200,24.5,19.439559399410918,19.725171788182955,19.375,19.7265625,19.51668582446738
295,88500,24.583333333333332,19.520889636449848,18.966561960241325,19.375,18.9453125,19.747000973580416
296,88800,24.666666666666668,19.604183696915253,20.323863597261855,20.625,20.3515625,19.969352588168604
297,89100,24.75,19.68931346612825,19.935153082829537,19.375,19.9609375,19.862387725931157
298,89400,24.833333333333332,19.77615134989145,20.42644104496262,20.625,20.4296875,19.84414967819746
299,89700,24.916666666666668,19.86457050097298,20.36827357451187,20.625,20.3515625,20.09691194589667
300,90000,25.0,19.95444504226559,19.291249033527933,19.375,19.2578125,20.15348251470058
301,90300,25.083333333333332,20.045650286204662,19.597505454047088,19.375,19.5703125,20.206932704959655
302,90600,25.166666666666668,20.138062950037206,20.735897834135816,20.625,20.7421875,20.219612556018383
303,90900,25.25,20.231561366542447,20.71985757888922,20.625,20.7421875,20.386932744422808
304,91200,25.333333333333332,20.326025689814355,20.309304414643037,20.625,20.2734375,20.508295742408794
305,91500,25.416666666666668,20.4213380957267,20.515200002373724,20.625,20.5078125,20.729923227172723
306,91800,25.5,20.517382976712096,21.539514893342837,21.875,21.5234375,20.717229170766693
307,92100,25.583333333333332,20.614047130498502,20.140790019429836,20.625,20.1171875,20.719037817322857
308,92400,25.666666666666668,20.711219942458563,21.148897847394593,20.625,21.1328125,20.943958346097286
309,92700,25.75,20.808793561240723,20.647039439293607,20.625,20.6640625,21.122246740352534
310,93000,25.833333333333332,20.906663067364153,20.732518104782375,20.625,20.7421875,21.16686643195072
311,93300,25.916666666666668,21.00472663447428,21.883748116064034,21.875,21.9140625,21.48153872223233
312,93600,26.0,21.102885682970026,21.76321876216045,21.875,21.7578125,21.519382558069942
313,93900,26.083333333333332,21.201045025729652,21.851852734530162,21.875,21.8359375,21.71840392995384
314,94200,26.166666666666668,21.29911300567766,22.343496051401125,21.875,22.3046875,21.80571482859102
315,94500,26.25,21.397001624951656,21.413804698257863,21.875,21.4453125,21.814908209107152
316,94800,26.333333333333332,21.494626665444912,22.040189042480883,21.875,22.0703125,21.80316591003116
317,95100,26.416666666666668,21.59190780051744,21.343694395242675,21.875,21.3671875,21.81840719692665
318,95400,26.5,21.68876869768619,21.948101779676943,21.875,21.9140625,21.833944056374545
319,95700,26.583333333333332,21.785137112122605,21.681022668628458,21.875,21.6796875,21.834265025150575
320,96000,26.666666666666668,21.880944970804443,21.958541742798616,21.875,21.9921875,22.091137787733683
321,96300,26.75,21.97612844718685,22.45225406753638,21.875,22.4609375,22.10668793236772
322,96600,26.833333333333332,22.070628026276875,21.416051479690097,21.875,21.4453125,22.025265264906587
323,96900,26.916666666666668,22.164388560014253,23.83829838056262,24.375,23.8671875,22.266153383708765
324,97200,27.0,22.257359312880716,21.452545407680955,21.875,21.4453125,22.438422071399053
325,97500,27.083333333333332,22.34949399767917,21.378143107448984,21.875,21.3671875,22.53378317961397
326,97800,27.166666666666668,22.440750801443656,23.36723950024371,23.125,23.3984375,22.79028719465638
327,98100,27.25,22.5310924014603,23.164422556630647,23.125,23.1640625,22.640033532733685
328,98400,27.333333333333332,22.620485971399074,23.119781825040796,23.125,23.0859375,22.741800480029575
329,98700,27.416666666666668,22.708903177575543,23.211579584986968,23.125,23.2421875,22.977597744626514
330,99000,27.5,22.796320165381278,22.786522747103746,23.125,22.7734375,22.85523046336879
331,99300,27.583333333333332,22.88271753594085,22.164914038752183,21.875,22.1484375,22.962564357737016
332,99600,27.666666666666668,22.968080313072583,23.028723959627566,23.125,23.0078125,22.95977135353154
333,99900,27.75,23.052397900649314,22.510668531439624,23.125,22.5390625,22.877922891139495
334,100200,27.833333333333332,23.13566403047403,23.91575981720823,24.375,23.9453125,22.925854767536194
335,100500,27.916666666666668,23.2178767008042,23.10023079560249,23.125,23.0859375,23.15780726920642
336,100800,28.0,23.299038105676654,22.638640348242646,23.125,22.6171875,23.165892164528145
337,101100,28.083333333333332,23.379154555203,23.122045881880606,23.125,23.0859375,23.229451056862647
338,101400,28.166666666666668,23.458236387023284,23.788581550443784,24.375,23.7890625,23.22496903086951
339,101700,28.25,23.536297869122844,23.085318226879664,23.125,23.0859375,23.347869322137193
340,102000,28.333333333333332,23.613357094234267,22.955580777781122,23.125,22.9296875,23.461378206877438
341,102300,28.416666666666668,23.68943586606276,23.88438563525629,24.375,23.8671875,23.520404496620376
342,102600,28.5,23.76455957758928,23.96053283447626,24.375,23.9453125,23.57491360392558
343,102900,28.583333333333332,23.83875708172128,23.433202541424375,23.125,23.3984375,23.54810562641464
344,103200,28.666666666666668,23.912060554575795,23.53522991008114,23.125,23.5546875,23.5545947022792
345,103500,28.75,23.98450535169411,24.17014530158022,24.375,24.1796875,23.51715823329729
346,103800,28.833333333333332,24.056129857500927,22.897662384303068,23.125,22.9296875,23.536474949018686
347,104100,28.916666666666668,24.126975328334286,23.001004308833043,23.125,23.0078125,23.700876837595324
348,104400,29.0,24.197085729384877,23.622330352382928,23.125,23.6328125,23.99352516329952
349,104700,29.083333333333332,24.266507565895512,24.095749844526036,24.375,24.1015625,24.134542812723563
350,105000,29.166666666666668,24.335289708982433,24.584015761460837,24.375,24.5703125,24.350643551844005
351,105300,29.25,24.403483216450866,25.583768190010506,25.625,25.5859375,24.57762271458376
352,105600,29.333333333333332,24.471141148986923,25.15726884754854,25.625,25.1953125,24.61292333282693
353,105900,29.416666666666668,24.53831838211691,24.410367558146167,24.375,24.4140625,24.70249154092614
354,106200,29.5,24.605071414333473,24.589858448011324,24.375,24.5703125,24.700838375262187
355,106500,29.583333333333332,24.671458171795365,23.869434680085117,24.375,23.8671875,24.635613225003535
356,106800,29.666666666666668,24.737537810014448,24.722727301220537,24.375,24.7265625,24.509254106210708
357,107100,29.75,24.80337051294922,24.57244360181311,24.375,24.5703125,24.652841199531675
358,107400,29.833333333333332,24.86901728992947,25.12719213819994,25.625,25.1171875,24.895954472610264
359,107700,29.916666666666668,24.934539770840633,24.272755015998776,24.375,24.2578125,25.063745888498822
360,108000,30.0,25.0,25.415477211392936,25.625,25.4296875,25.177356111857307
361,108300,30.083333333333332,25.06546022915936,26.29165135956142,26.875,26.2890625,25.35480379493464
362,108600,30.166666666666668,25.13098271007053,25.043974591305044,25.625,25.0390625,25.33771426814836
363,108900,30.25,25.196629487050778,25.517998864729933,25.625,25.5078125,25.523635347450657
364,109200,30.333333333333332,25.262462189985555,25.814577383354447,25.625,25.8203125,25.53167510846717
365,109500,30.416666666666668,25.328541828204635,25.007565450695967,25.625,25.0390625,25.433867732794415
366,109800,30.5,25.394928585666527,25.57420257111486,25.625,25.5859375,25.42445835638866
367,110100,30.583333333333332,25.46168161788309,25.47175553850853,25.625,25.5078125,25.44821829434506
368,110400,30.666666666666668,25.52885885101308,25.606999729852145,25.625,25.5859375,25.493548820594548
369,110700,30.75,25.59651678354913,24.97810895646476,24.375,24.9609375,25.773015064331002
370,111000,30.833333333333332,25.66471029101757,25.684318430424725,25.625,25.6640625,25.92533488739086
371,111300,30.916666666666668,25.733492434104488,26.13189106710085,25.625,26.1328125,26.23885782596226
372,111600,31.0,25.802914270615123,26.963829156851155,26.875,26.9921875,26.20951737855416
373,111900,31.083333333333332,25.873024671665714,26.64044133253388,26.875,26.6015625,26.467758378316443
374,112200,31.166666666666668,25.94387014249907,27.666416108508315,28.125,27.6953125,26.556843820094254
375,112500,31.25,26.015494648305886,25.401616597995446,25.625,25.4296875,26.821899777506253
376,112800,31.333333333333332,26.0879394454242,26.785795954800744,26.875,26.7578125,26.636199255906533
377,113100,31.416666666666668,26.161242918278717,26.307916522869398,26.875,26.2890625,26.50397412726185
378,113400,31.5,26.23544042241072,27.987282768984855,28.125,28.0078125,26.26365582812094
379,113700,31.583333333333332,26.310564133937238,25.663925505653115,25.625,25.6640625,26.183803033197144
380,114000,31.666666666666668,26.38664290576573,25.714865432021107,25.625,25.7421875,26.100152386433095
381,114300,31.75,26.463702130877152,25.984188014521933,25.625,25.9765625,26.069543706748952
382,114600,31.833333333333332,26.54176361297672,24.842647033528873,24.375,24.8046875,25.914565929519224
383,114900,31.916666666666668,26.620845444797,26.20024142745239,25.625,26.2109375,26.125110964447018
384,115200,32.0,26.70096189432334,26.09365576508038,25.625,26.0546875,26.515635727118774
385,115500,32.083333333333336,26.7821232991958,26.902438328376764,26.875,26.9140625,26.77393154754082
386,115800,32.166666666666664,26.864335969525968,27.137740750147696,26.875,27.1484375,27.032947619826583
387,116100,32.25,26.947602099350682,28.448538770723392,28.125,28.4765625,27.073620001267678
388,116400,32.333333333333336,27.03191968692741,27.79225875747625,28.125,27.7734375,27.300902343346145
389,116700,32.416666666666664,27.117282464059155,26.65575953952923,26.875,26.6796875,27.218172219718667
390,117000,32.5,27.203679834618722,26.484948097540034,26.875,26.5234375,27.47479134272945
391,117300,32.583333333333336,27.291096822424453,27.684632159629658,28.125,27.6953125,27.482543131930875
392,117600,32.666666666666664,27.37951402860092,26.323327462984405,26.875,26.2890625,27.40867266381099
393,117900,32.75,27.4689075985397,28.934074611223185,29.375,28.9453125,27.368154595856325
394,118200,32.833333333333336,27.55924919855634,28.50280129513337,28.125,28.4765625,27.71583477325319
395,118500,32.916666666666664,27.650506002320824,27.27516548063706,26.875,27.3046875,27.737707335809098
396,118800,33.0,27.74264068711928,26.37213306384658,26.875,26.3671875,28.122106927153027
397,119100,33.083333333333336,27.835611439985747,28.918709339318077,29.375,28.9453125,27.823455254429724
398,119400,33.166666666666664,27.92937197372312,27.837740097521028,28.125,27.8515625,27.713821193627012
399,119700,33.25,28.023871552813144,29.014124602391913,29.375,29.0234375,27.862429876691483
400,120000,33.333333333333336,28.119055029195554,26.84351290216006,26.875,26.8359375,28.158650392498306
401,120300,33.416666666666664,28.214862887877395,27.735362869514375,28.125,27.7734375,28.048166337934536
402,120600,33.5,28.311231302313807,28.315426262088355,28.125,28.3203125,28.22867179842101
403,120900,33.583333333333336,28.40809219948255,28.445676674494344,28.125,28.4765625,28.06190980533877
404,121200,33.666666666666664,28.50537333455509,28.1453209573717,28.125,28.1640625,28.324986731637807
405,121500,33.75,28.60299837504834,29.10127832092634,29.375,29.1015625,28.50469929633568
406,121800,33.833333333333336,28.700886994322335,27.84679065081626,28.125,27.8515625,28.660613320719165
407,122100,33.916666666666664,28.79895497427034,28.685051386253306,28.125,28.7109375,28.834463629378106
408,122400,34.0,28.897114317029974,28.993350822399492,29.375,29.0234375,28.85534531622343
409,122700,34.083333333333336,28.995273365525716,29.406824432772716,29.375,29.4140625,28.706803944798665
410,123000,34.166666666666664,29.093336932635836,29.662628835106947,29.375,29.6484375,29.072704469970667
411,123300,34.25,29.191206438759274,28.29149276528898,28.125,28.3203125,29.2246211623447
412,123600,34.333333333333336,29.288780057541434,28.061488720952937,28.125,28.0859375,29.22269571272021
413,123900,34.416666666666664,29.385952869501494,30.4080943270203,30.625,30.4296875,29.43813449241035
414,124200,34.5,29.482617023287897,29.74846823287157,29.375,29.7265625,29.466470136093903
415,124500,34.583333333333336,29.578661904273293,28.97987267502805,29.375,28.9453125,29.825596140654604
416,124800,34.666666666666664,29.673974310185642,30.91489589060366,30.625,30.8984375,30.10372125179324
417,125100,34.75,29.768438633457553,29.86097834089184,29.375,29.8828125,30.28744396188177
418,125400,34.833333333333336,29.86193704996279,30.80537479721385,30.625,30.8203125,30.54333452475463
419,125700,34.916666666666664,29.95434971379533,30.008364498923417,30.625,30.0390625,30.69259233279709
420,126000,35.0,30.04555495773441,31.69415329764,31.875,31.6796875,30.71731339051589
421,126300,35.083333333333336,30.135429499027016,31.539702172981578,31.875,31.5234375,30.867476065067464
422,126600,35.166666666666664,30.223848650108547,30.02467733132529,30.625,30.0390625,30.97728189540491
423,126900,35.25,30.31068653387175,31.087943294635235,30.625,31.0546875,30.945872943005142
424,127200,35.333333333333336,30.395816303084743,30.912117062752863,30.625,30.8984375,30.873639582831643
425,127500,35.416666666666664,30.479110363550152,31.57401560957603,31.875,31.6015625,30.877030059767094
426,127800,35.5,30.56044060058908,29.788501832124997,29.375,29.8046875,30.78555796414392
427,128100,35.583333333333336,30.639678608426763,31.188519776425515,30.625,31.2109375,30.618273051372746
428,128400,35.666666666666664,30.716695922050075,31.563435511529747,31.875,31.6015625,30.388221662297106
429,128700,35.75,30.79136425110154,29.38437266196305,29.375,29.4140625,30.275430079849723
430,129000,35.833333333333336,30.863555715369653,29.91694890523703,29.375,29.8828125,30.53964911071247
431,129300,35.916666666666664,30.933143081431453,29.30175733922337,29.375,29.3359375,30.70227608340732
432,129600,36.0,31.0,30.784474532444353,30.625,30.8203125,30.656387960631285
433,129900,36.083333333333336,31.064001243527457,31.638035048164227,31.875,31.6015625,31.107267993423406
434,130200,36.166666666666664,31.125022943612628,32.32690858528945,31.875,32.3046875,31.145549047485137
435,130500,36.25,31.182942827761696,31.242218652097517,30.625,31.2109375,31.241611111083586
436,130800,36.333333333333336,31.237640455050865,32.5405328915079,33.125,32.5390625,31.320513264012348
437,131100,36.416666666666664,31.28899745024107,30.184916283669157,30.625,30.1953125,31.333526698876486
438,131400,36.5,31.336897735896645,29.974191784412522,29.375,29.9609375,31.205765619905385
439,131700,36.583333333333336,31.381227762062974,31.33678960294568,31.875,31.3671875,31.005127206076992
440,132000,36.666666666666664,31.421876733061747,31.729129092213192,31.875,31.7578125,30.849248122593277
441,132300,36.75,31.45873683096702,31.432581032491747,31.875,31.4453125,30.894542847402043
442,132600,36.833333333333336,31.49170343533065,29.83774975529875,29.375,29.8046875,31.19851353218595
443,132900,36.916666666666664,31.52067533873212,31.449379307121887,31.875,31.4453125,31.275535725464188
444,133200,37.0,31.54555495773441,30.501979357330526,30.625,30.5078125,31.14892001106542
445,133500,37.083333333333336,31.566248538835804,32.10198657789984,31.875,32.0703125,31.11444323576316
446,133800,37.166666666666664,31.58266635901593,31.87594495589341,31.875,31.9140625,31.245916372093212
447,134100,37.25,31.594722920483715,30.84281909142183,30.625,30.8203125,31.260832769508518
448,134400,37.333333333333336,31.60233713924526,31.191243605375906,30.625,31.2109375,31.52653553793742
449,134700,37.416666666666664,31.605432527120282,30.75806170960912,30.625,30.7421875,31.34029924821315
450,135000,37.5,31.603937366847543,31.553794089029005,31.875,31.5234375,31.354379064806558
451,135300,37.583333333333336,31.59778487993187,32.36189873633286,31.875,32.3828125,31.39491733328985
452,135600,37.666666666666664,31.586913386898367,30.798332549829933,30.625,30.8203125,31.352046737829646
453,135900,37.75,31.571266459632984,31.97450367204726,31.875,31.9921875,31.44511881365972
454,136200,37.833333333333336,31.550793065502816,31.126586970804862,30.625,31.1328125,31.313404460351222
455,136500,37.916666666666664,31.525447702964378,30.891149437154503,30.625,30.8984375,31.115546199611465
456,136800,38.0,31.495190528383294,31.409566240419647,31.875,31.4453125,31.060975072280208
457,137100,38.083333333333336,31.45998747380501,30.631793615869512,30.625,30.6640625,31.19265044816573
458,137400,38.166666666666664,31.41981035543229,30.976890911154545,30.625,30.9765625,31.21706000852284
459,137700,38.25,31.374636972582202,30.416334658511122,30.625,30.4296875,31.182499856756042
460,138000,38.333333333333336,31.324451196912815,32.896231303245926,33.125,32.9296875,31.168981084956748
461,138300,38.416666666666664,31.269243051727237,31.29745389330462,31.875,31.2890625,31.21924140390103
462,138600,38.5,31.209008781181016,30.649228374786947,30.625,30.6640625,31.19703276763724
463,138900,38.583333333333336,31.14375090923719,31.31493483782457,31.875,31.2890625,31.33888344899752
464,139200,38.666666666666664,31.073478288232184,30.98361584847952,30.625,30.9765625,31.13067358750084
465,139500,38.75,30.998206136934577,30.821430457307997,30.625,30.8203125,30.990785855461734
466,139800,38.833333333333336,30.917956067998364,31.409289428033105,31.875,31.4453125,30.924752669713698
467,140100,38.916666666666664,30.832756104731324,31.438762272769168,31.875,31.4453125,30.783732255040228
468,140400,39.0,30.74264068711929,30.318239769030868,30.625,30.3515625,30.44345931252496
469,140700,39.083333333333336,30.647650667066404,30.18699607455066,30.625,30.1953125,30.200652738320777
470,141000,39.166666666666664,30.547833292831584,30.32779193511027,30.625,30.3515625,30.186966285421743
471,141300,39.25,30.44324218266113,28.601705250872662,28.125,28.6328125,30.183919029924283
472,141600,39.333333333333336,30.333937287637553,29.121784437878713,29.375,29.1015625,30.106913989299695
473,141900,39.416666666666664,30.219984843784253,31.313484257739873,31.875,31.2890625,30.12480642432528
474,142200,39.5,30.101457313485927,31.417431484286954,31.875,31.4453125,30.07344197938372
475,142500,39.583333333333336,29.97843331630384,29.779204484658738,29.375,29.8046875,30.565536083173356
476,142800,39.666666666666664,29.850997549285136,30.31224311972975,30.625,30.2734375,30.739397696030416
477,143100,39.75,29.719240696884544,29.968240820519373,29.375,29.9609375,30.437000520995014
478,143400,39.833333333333336,29.583259330635922,32.04636397740011,31.875,32.0703125,30.00402279891906
479,143700,39.916666666666664,29.44315579873047,30.33881572787813,30.625,30.3515625,29.70900254248748
480,144000,40.0,29.299038105676658,29.196704032492043,29.375,29.1796875,29.522472534018178
481,144300,40.083333333333336,29.151019782235657,28.386587429755316,28.125,28.3984375,29.25268036521473
482,144600,40.166666666666664,28.999219745843696,27.71406268963764,28.125,27.6953125,28.58671310797035
483,144900,40.25,28.843762151750866,29.006533060444646,29.375,29.0234375,28.229668355212954
484,145200,40.333333333333336,28.684776235122666,28.079695638895224,28.125,28.0859375,27.96196422746183
485,145500,40.416666666666664,28.52239614436761,27.38459317668947,26.875,27.3828125,28.10188253500277
486,145800,40.5,28.356760765970364,27.839502458576344,28.125,27.8515625,28.220886542324763
487,146100,40.583333333333336,28.18801354112571,27.322775138234192,26.875,27.3046875,28.0282705820468
488,146400,40.666666666666664,28.01630227448382,29.366015582541873,29.375,29.3359375,28.112439606178658
489,146700,40.75,27.84177893533205,28.547090740891612,28.125,28.5546875,28.109613283327764
490,147000,40.833333333333336,27.664599451552213,27.65822133849892,28.125,27.6953125,27.90821449106643
491,147300,40.916666666666664,27.484923496706198,28.668878807818217,28.125,28.6328125,28.026541519612316
492,147600,41.0,27.302914270615126,27.36480891673322,26.875,27.3828125,27.713638595762355
493,147900,41.083333333333336,27.118738273809594,26.429710912746984,26.875,26.4453125,27.31050025528197
494,148200,41.166666666666664,26.932565076239676,28.151064338055402,28.125,28.1640625,27.103829788914844
495,148500,41.25,26.7445670806444,27.175695115592127,26.875,27.1484375,26.64697440469314
496,148800,41.333333333333336,26.554919280990088,25.725122357528925,25.625,25.7421875,26.290804685909457
497,149100,41.416666666666664,26.363799016395916,26.211528073929028,25.625,26.2109375,26.3043243785187
498,149400,41.5,26.1713857209741,25.470891118266294,25.625,25.5078125,26.156421098237505
499,149700,41.583333333333336,25.977860670018938,24.87162088524747,24.375,24.8828125,25.741835493046946
500,150000,41.666666666666664,25.783406722986346,26.52434876101166,26.875,26.5234375,25.730631410629645
501,150300,41.75,25.58820806371094,27.115741376087044,26.875,27.1484375,25.483196820740147
502,150600,41.833333333333336,25.392449938313515,24.273595879258203,24.375,24.2578125,25.332209704092516
503,150900,41.916666666666664,25.19631839125537,25.646693780607826,25.625,25.6640625,25.22678313795651
504,151200,42.0,25.000000000000004,24.479485944702542,24.375,24.4921875,24.826247503604158
505,151500,42.083333333333336,24.803681608744636,24.41398130173288,24.375,24.4140625,24.4176288183588
506,151800,42.166666666666664,24.60755006168651,24.133634922295414,24.375,24.1015625,24.286740726586515
507,152100,42.25,24.411791936289067,23.720599320545215,23.125,23.7109375,24.057924435021086
508,152400,42.333333333333336,24.21659327701366,24.255410579369524,24.375,24.2578125,23.931713656641406
509,152700,42.416666666666664,24.022139329981066,23.357379236852235,23.125,23.3203125,23.76599093946768
510,153000,42.5,23.828614279025924,24.044979739649794,24.375,24.0234375,23.536811949100098
511,153300,42.583333333333336,23.63620098360409,23.59601049604478,23.125,23.6328125,23.377586026065874
512,153600,42.666666666666664,23.44508071900992,23.25392228151679,23.125,23.2421875,23.267609472848942
513,153900,42.75,23.255432919355606,22.529381989722328,23.125,22.5390625,23.230529507510678
514,154200,42.833333333333336,23.06743492376033,22.606017859305666,23.125,22.6171875,22.90025130291142
515,154500,42.916666666666664,22.881261726190413,23.48557470685102,23.125,23.4765625,22.73151643101805
516,154800,43.0,22.697085729384884,23.09781947948439,23.125,23.0859375,22.660860499853563
517,155100,43.083333333333336,22.515076503293823,21.733032307454984,21.875,21.7578125,22.39211642998167
518,155400,43.166666666666664,22.33540054844779,22.414866392791172,21.875,22.3828125,22.340781680477754
519,155700,43.25,22.158221064667952,22.759330763365384,23.125,22.7734375,22.001862469052316
520,156000,43.333333333333336,21.983697725516183,20.648173500619087,20.625,20.6640625,21.835614370626963
521,156300,43.416666666666664,21.81198645887431,22.246674612778257,21.875,22.2265625,21.688697818082446
522,156600,43.5,21.64323923402964,21.11314022687296,20.625,21.1328125,21.30262150021478
523,156900,43.583333333333336,21.477603855632395,21.934082790506924,21.875,21.9140625,20.86539514885541
524,157200,43.666666666666664,21.315223764877345,20.70461643964333,20.625,20.7421875,20.899577245208892
525,157500,43.75,21.156237848249148,19.712332167717534,19.375,19.7265625,20.708443714197788
526,157800,43.833333333333336,21.00078025415631,19.69874630384978,19.375,19.7265625,20.525622381956794
527,158100,43.916666666666664,20.84898021776435,20.887448175093457,20.625,20.8984375,20.38184121708238
528,158400,44.0,20.700961894323346,20.90873989570053,20.625,20.8984375,20.13140219046194
529,158700,44.083333333333336,20.55684420126955,19.83339090118602,19.375,19.8046875,20.186231682473295
530,159000,44.166666666666664,20.41674066936408,20.927614636385982,20.625,20.8984375,20.093947028192783
531,159300,44.25,20.28075930311546,18.95154325330029,19.375,18.9453125,19.878179260361193
532,159600,44.333333333333336,20.149002450714868,20.096138611797013,20.625,20.1171875,19.722349860013814
533,159900,44.416666666666664,20.02156668369616,19.052753723886195,19.375,19.0234375,19.60011287700657
534,160200,44.5,19.898542686514073,19.377073800272345,19.375,19.4140625,19.36032698351643
535,160500,44.583333333333336,19.78001515621575,19.81793409326888,19.375,19.8046875,19.546849512264956
536,160800,44.666666666666664,19.666062712362457,18.977732020135296,19.375,18.9453125,19.37466340162468
537,161100,44.75,19.556757817338873,19.249113381955013,19.375,19.2578125,19.499400441431344
538,161400,44.833333333333336,19.45216670716842,20.25720095453997,20.625,20.2734375,19.34031538589852
539,161700,44.916666666666664,19.3523493329336,18.89083583731508,19.375,18.8671875,19.295737268907807
540,162000,45.0,19.25735931288072,19.925913002532834,19.375,19.9609375,19.463925374544438
541,162300,45.083333333333336,19.167243895268676,18.263478411542582,18.125,18.2421875,19.13536719307458
542,162600,45.166666666666664,19.08204393200164,19.505887274333865,19.375,19.4921875,18.844157469052647
543,162900,45.25,19.001793863065426,20.155048759591747,20.625,20.1171875,18.895845052373836
544,163200,45.333333333333336,18.926521711767826,16.949206111665994,16.875,16.9140625,18.701903286217487
545,163500,45.416666666666664,18.85624909076281,18.218732886386427,18.125,18.2421875,18.803187156252008
546,163800,45.5,18.790991218818988,19.25264892056342,19.375,19.2578125,18.60837109963933
547,164100,45.583333333333336,18.730756948272766,18.568320639438372,18.125,18.5546875,18.393287201775657
548,164400,45.666666666666664,18.675548803087185,18.97246550178423,19.375,18.9453125,18.60275357694928
549,164700,45.75,18.6253630274178,18.142174878045147,18.125,18.1640625,18.77708246760044
550,165000,45.833333333333336,18.580189644567714,18.649461474546033,18.125,18.6328125,18.695002474902324
551,165300,45.916666666666664,18.54001252619499,18.415470737881325,18.125,18.3984375,18.716569392719318
552,165600,46.0,18.50480947161671,19.439035120944556,19.375,19.4140625,18.591821744960008
553,165900,46.083333333333336,18.474552297035626,18.678088971676598,18.125,18.7109375,18.57479699578836
554,166200,46.166666666666664,18.449206934497184,18.719289064157344,18.125,18.7109375,18.490040866540706
555,166500,46.25,18.42873354036702,18.099231967469045,18.125,18.0859375,18.532348524994102
556,166800,46.333333333333336,18.41308661310163,18.023001633843634,18.125,18.0078125,18.335026348891095
557,167100,46.416666666666664,18.402215120068135,18.05616856981244,18.125,18.0859375,18.328082602404706
558,167400,46.5,18.39606263315246,18.7116243470551,18.125,18.7109375,18.52041241015832
559,167700,46.583333333333336,18.394567472879718,18.057779888223507,18.125,18.0859375,18.665412615338372
560,168000,46.666666666666664,18.397662860754743,18.629482746271872,18.125,18.6328125,18.686831329850698
561,168300,46.75,18.405277079516285,20.065597718432635,20.625,20.0390625,18.88100955987703
562,168600,46.833333333333336,18.41733364098407,19.114233403729422,19.375,19.1015625,18.801186704990677
563,168900,46.916666666666664,18.433751461164192,18.17293263542992,18.125,18.1640625,18.632617711891186
564,169200,47.0,18.45444504226559,19.415416179996747,19.375,19.4140625,18.504805051037927
565,169500,47.083333333333336,18.479324661267878,18.152864362850636,18.125,18.1640625,18.07850390985006
566,169800,47.166666666666664,18.508296564669347,16.877796936527066,16.875,16.9140625,17.967550773703568
567,170100,47.25,18.541263169032984,17.73479412029906,18.125,17.7734375,18.039679963992864
568,170400,47.333333333333336,18.57812326693825,17.081489730117564,16.875,17.0703125,18.130642281076067
569,170700,47.416666666666664,18.618772237937026,18.33756145070398,18.125,18.3203125,18.25507614980604
570,171000,47.5,18.663102264103355,18.677836967454997,18.125,18.7109375,18.507073265900917
571,171300,47.583333333333336,18.71100254975893,20.052152399579157,20.625,20.0390625,18.764745751763073
572,171600,47.666666666666664,18.76235954494913,19.02390144396046,19.375,19.0234375,18.776974434498598
573,171900,47.75,18.8170571722383,18.64177674919121,18.125,18.6328125,16.157322798683744
574,172200,47.833333333333336,18.874977056387362,19.538501521334155,19.375,19.5703125,13.489060374761602
575,172500,47.916666666666664,18.93599875647254,17.16709050926623,16.875,17.1484375,10.624467174821723
