Tempo_h,Temp_Ruidosa_C
0.0,19.397371322408986
0.08333333333333333,18.956245477631605
0.16666666666666666,19.654595115110897
0.25,20.427059634024875
0.3333333333333333,19.095981378171256
0.4166666666666667,19.17301182601389
0.5,20.70292965181683
0.5833333333333334,20.134837419772175
0.6666666666666666,19.228604188167296
0.75,20.123361500997024
0.8333333333333334,19.40541719564148
0.9166666666666666,19.491986698116776
1.0,20.14801485951842
1.0833333333333333,18.515026090478422
1.1666666666666667,18.758128684026783
1.25,19.78173134314967
1.3333333333333333,19.515760793546818
1.4166666666666667,20.672735961802918
1.5,19.790963716295135
1.5833333333333333,19.484204169430267
1.6666666666666667,21.883738957595813
1.75,20.628172520851493
1.8333333333333333,20.960685631114497
1.9166666666666667,19.864928085503518
2.0,20.66737950334988
2.0833333333333335,21.289783097497544
2.1666666666666665,20.37831814373982
2.25,21.697560039628197
2.3333333333333335,21.014115713509867
2.4166666666666665,21.358552800682826
2.5,21.20740340790267
2.5833333333333335,23.266959659729764
2.6666666666666665,21.870147191014095
2.75,21.129959704022127
2.8333333333333335,22.728663955959426
2.9166666666666665,21.187713640037437
3.0,22.42445018888452
3.0833333333333335,20.78175789857535
3.1666666666666665,21.378201962324916
3.25,22.6885813901556
3.3333333333333335,23.211259235395406
3.4166666666666665,22.84599780252752
3.5,22.703801539470685
3.5833333333333335,22.641834579469418
3.6666666666666665,21.785262720778647
3.75,22.476522533933547
3.8333333333333335,22.767153013706203
3.9166666666666665,24.063574481779334
4.0,23.573932737331425
4.083333333333333,21.96872243091282
4.166666666666667,23.717503562539115
4.25,23.22823204478979
4.333333333333333,23.071819493989505
4.416666666666667,24.178776897135457
4.5,24.589359195586045
4.583333333333333,24.583781177014238
4.666666666666667,23.240686535997686
4.75,23.73713545101314
4.833333333333333,24.32114060262378
4.916666666666667,24.90741143003217
5.0,23.813746339108647
5.083333333333333,24.117980384564458
5.166666666666667,23.45022172977761
5.25,23.44651791718633
5.333333333333333,25.121161806902283
5.416666666666667,25.623310404973566
5.5,24.547463317069205
5.583333333333333,25.474284490108985
5.666666666666667,25.026846630052557
5.75,24.28727470926512
5.833333333333333,25.158133774336203
5.916666666666667,26.164969024013416
6.0,24.97133916871204
6.083333333333333,26.317175153810567
6.166666666666667,23.035186626798733
6.25,25.85415149055096
6.333333333333333,25.332099844576092
6.416666666666667,25.08933594783194
6.5,25.468337206894933
6.583333333333333,23.871626486202377
6.666666666666667,25.353121340743066
6.75,25.88220684075853
6.833333333333333,26.84702552681078
6.916666666666667,25.31887625948557
7.0,25.156119388300574
7.083333333333333,25.47161903679809
7.166666666666667,26.676191836660728
7.25,26.27849553603364
7.333333333333333,25.664131282410573
7.416666666666667,26.571856864769405
7.5,26.313102461889148
7.583333333333333,27.08548012636355
7.666666666666667,25.82500043066385
7.75,26.201572413598942
7.833333333333333,26.22807709047099
7.916666666666667,25.4500334862913
8.0,26.937858115975004
8.083333333333334,26.99096751693971
8.166666666666666,26.868426734839936
8.25,26.759932392650565
8.333333333333334,25.899623093287083
8.416666666666666,26.780766205846863
8.5,26.929508221397306
8.583333333333334,26.649275007047162
8.666666666666666,27.25048545926812
8.75,27.792148283991327
8.833333333333334,29.068197919524764
8.916666666666666,27.790168252586298
9.0,27.948680999697494
9.083333333333334,27.77605470737281
9.166666666666666,26.39435500148389
9.25,28.002660452453775
9.333333333333334,28.167239197148376
9.416666666666666,30.185456577865615
9.5,28.157342530488908
9.583333333333334,28.649330073349443
9.666666666666666,28.477603918790894
9.75,27.668055944952716
9.833333333333334,29.61514524593435
9.916666666666666,29.400501400419767
10.0,29.52993987466441
10.083333333333334,28.267763401689926
10.166666666666666,30.21557238138472
10.25,28.06972558852545
10.333333333333334,29.758265732581645
10.416666666666666,31.13831737014948
10.5,28.690187963183348
10.583333333333334,29.125623720591083
10.666666666666666,29.753695402255754
10.75,29.365658110164592
10.833333333333334,28.621406305109886
10.916666666666666,30.00920009364016
11.0,29.195711986753526
11.083333333333334,30.514303443535162
11.166666666666666,29.488309262721508
11.25,31.550634057885777
11.333333333333334,29.769213669215752
11.416666666666666,30.22146115058561
11.5,31.211254374484817
11.583333333333334,29.6549871552796
11.666666666666666,30.89866386973338
11.75,31.837078454527486
11.833333333333334,29.577569127720675
11.916666666666666,31.080850168257292
12.0,31.207906235398738
12.083333333333334,31.689459540949304
12.166666666666666,30.135462374910166
12.25,30.126577537294274
12.333333333333334,31.655193707544385
12.416666666666666,31.526585188827617
12.5,31.537292016173343
12.583333333333334,31.65838632966055
12.666666666666666,30.877856955798958
12.75,31.64453978869582
12.833333333333334,31.726161413969596
12.916666666666666,30.949194204311024
13.0,33.03817456665021
13.083333333333334,31.945314875565238
13.166666666666666,30.629623561253812
13.25,32.11996580739078
13.333333333333334,30.8225918030634
13.416666666666666,32.23510021011425
13.5,32.53081383005346
13.583333333333334,30.9412390252505
13.666666666666666,32.357614290293824
13.75,31.901491201182182
13.833333333333334,32.20844119349841
13.916666666666666,33.042882089087534
14.0,31.298880035580993
14.083333333333334,30.85699854231902
14.166666666666666,30.708198811731872
14.25,30.721988744609853
14.333333333333334,31.262769829381533
14.416666666666666,31.54216463158055
14.5,31.43036142064503
14.583333333333334,31.80549750846601
14.666666666666666,31.083879801734508
14.75,32.161033398660436
14.833333333333334,30.706230601408
14.916666666666666,33.00889143800302
15.0,31.243174565331287
15.083333333333334,29.961924621933377
15.166666666666666,29.691119294382695
15.25,30.829220114855676
15.333333333333334,30.15516705937687
15.416666666666666,30.791185239057928
15.5,30.480047413144764
15.583333333333334,29.920170186178336
15.666666666666666,29.173562574830417
15.75,28.50736291713585
15.833333333333334,29.226047368982304
15.916666666666666,30.128274834189238
16.0,29.47031310098082
16.083333333333332,28.154428759266064
16.166666666666668,29.13776448652464
16.25,29.15201605553393
16.333333333333332,27.97769028616176
16.416666666666668,28.64537622912403
16.5,28.403327740727164
16.583333333333332,27.273637302861204
16.666666666666668,28.302532162762454
16.75,28.29040655642664
16.833333333333332,28.531040446092426
16.916666666666668,28.32796513833411
17.0,26.20077877624945
17.083333333333332,26.368478241877497
17.166666666666668,27.344593290006593
17.25,27.155595841374176
17.333333333333332,26.966957430034924
17.416666666666668,29.44598420891969
17.5,26.628098129528624
17.583333333333332,26.886313182163427
17.666666666666668,26.546608133780907
17.75,26.10932106475558
17.833333333333332,25.140234542601227
17.916666666666668,25.80349376764999
18.0,24.38173982836994
18.083333333333332,24.61422672335263
18.166666666666668,24.219259223423215
18.25,24.477291247798117
18.333333333333332,26.068320130352465
18.416666666666668,22.52832717590766
18.5,24.377622431325523
18.583333333333332,22.346028286652366
18.666666666666668,23.06753522637837
18.75,24.126593396929486
18.833333333333332,23.118858939036706
18.916666666666668,22.01906590384697
19.0,22.124842761976904
19.083333333333332,23.058754702441554
19.166666666666668,21.751107243074088
19.25,22.331387936333527
19.333333333333332,22.020155197439234
19.416666666666668,21.29070618078965
19.5,23.35839450548991
19.583333333333332,21.9847390734868
19.666666666666668,19.695109695551256
19.75,21.305401300064684
19.833333333333332,20.4713510823416
19.916666666666668,21.530926885601325
20.0,20.06694530357718
20.083333333333332,20.465055048096023
20.166666666666668,20.820730492548446
20.25,20.97336345845156
20.333333333333332,19.18876532507024
20.416666666666668,19.75396569502341
20.5,19.51858643758531
20.583333333333332,19.25735177015678
20.666666666666668,21.07842610458733
20.75,19.880743186107637
20.833333333333332,18.443459543700385
20.916666666666668,20.08663889057742
21.0,20.955084270490822
21.083333333333332,19.993216103709596
21.166666666666668,17.866547959238428
21.25,18.614406604772423
21.333333333333332,19.94005063111712
21.416666666666668,18.290113518267784
21.5,19.14604676133597
21.583333333333332,19.350464191016233
21.666666666666668,17.93400442582472
21.75,18.57774274256836
21.833333333333332,15.987175772512455
21.916666666666668,17.72050241312756
22.0,18.30275495050218
22.083333333333332,17.476325751463747
22.166666666666668,19.75513597764249
22.25,17.28462043799851
22.333333333333332,18.061051023744046
22.416666666666668,18.506807581897004
22.5,19.54908126440535
22.583333333333332,17.245877751936167
22.666666666666668,19.328193862478706
22.75,18.413463528331956
22.833333333333332,17.632126720145706
22.916666666666668,18.80343424057481
23.0,18.613692798724365
23.083333333333332,17.99915115954084
23.166666666666668,18.564138232661367
23.25,18.233012291543574
23.333333333333332,18.668937143139246
23.416666666666668,19.148476777553864
23.5,19.93191571701964
23.583333333333332,17.720750150697448
23.666666666666668,20.468786244674146
23.75,17.255386932620297
23.833333333333332,18.7535489803589
23.916666666666668,19.4066525216602
24.0,19.224793494188027
24.083333333333332,18.56869730271207
24.166666666666668,18.96994648434452
24.25,18.81423500117139
24.333333333333332,18.81181227239455
24.416666666666668,20.040003069190057
24.5,19.725171788182955
24.583333333333332,18.966561960241325
24.666666666666668,20.323863597261855
24.75,19.935153082829537
24.833333333333332,20.42644104496262
24.916666666666668,20.36827357451187
25.0,19.291249033527933
25.083333333333332,19.597505454047088
25.166666666666668,20.735897834135816
25.25,20.71985757888922
25.333333333333332,20.309304414643037
25.416666666666668,20.515200002373724
25.5,21.539514893342837
25.583333333333332,20.140790019429836
25.666666666666668,21.148897847394593
25.75,20.647039439293607
25.833333333333332,20.732518104782375
25.916666666666668,21.883748116064034
26.0,21.76321876216045
26.083333333333332,21.851852734530162
26.166666666666668,22.343496051401125
26.25,21.413804698257863
26.333333333333332,22.040189042480883
26.416666666666668,21.343694395242675
26.5,21.948101779676943
26.583333333333332,21.681022668628458
26.666666666666668,21.958541742798616
26.75,22.45225406753638
26.833333333333332,21.416051479690097
26.916666666666668,23.83829838056262
27.0,21.452545407680955
27.083333333333332,21.378143107448984
27.166666666666668,23.36723950024371
27.25,23.164422556630647
27.333333333333332,23.119781825040796
27.416666666666668,23.211579584986968
27.5,22.786522747103746
27.583333333333332,22.164914038752183
27.666666666666668,23.028723959627566
27.75,22.510668531439624
27.833333333333332,23.91575981720823
27.916666666666668,23.10023079560249
28.0,22.638640348242646
28.083333333333332,23.122045881880606
28.166666666666668,23.788581550443784
28.25,23.085318226879664
28.333333333333332,22.955580777781122
28.416666666666668,23.88438563525629
28.5,23.96053283447626
28.583333333333332,23.433202541424375
28.666666666666668,23.53522991008114
28.75,24.17014530158022
28.833333333333332,22.897662384303068
28.916666666666668,23.001004308833043
29.0,23.622330352382928
29.083333333333332,24.095749844526036
29.166666666666668,24.584015761460837
29.25,25.583768190010506
29.333333333333332,25.15726884754854
29.416666666666668,24.410367558146167
29.5,24.589858448011324
29.583333333333332,23.869434680085117
29.666666666666668,24.722727301220537
29.75,24.57244360181311
29.833333333333332,25.12719213819994
29.916666666666668,24.272755015998776
30.0,25.415477211392936
30.083333333333332,26.29165135956142
30.166666666666668,25.043974591305044
30.25,25.517998864729933
30.333333333333332,25.814577383354447
30.416666666666668,25.007565450695967
30.5,25.57420257111486
30.583333333333332,25.47175553850853
30.666666666666668,25.606999729852145
30.75,24.97810895646476
30.833333333333332,25.684318430424725
30.916666666666668,26.13189106710085
31.0,26.963829156851155
31.083333333333332,26.64044133253388
31.166666666666668,27.666416108508315
31.25,25.401616597995446
31.333333333333332,26.785795954800744
31.416666666666668,26.307916522869398
31.5,27.987282768984855
31.583333333333332,25.663925505653115
31.666666666666668,25.714865432021107
31.75,25.984188014521933
31.833333333333332,24.842647033528873
31.916666666666668,26.20024142745239
32.0,26.09365576508038
32.083333333333336,26.902438328376764
32.166666666666664,27.137740750147696
32.25,28.448538770723392
32.333333333333336,27.79225875747625
32.416666666666664,26.65575953952923
32.5,26.484948097540034
32.583333333333336,27.684632159629658
32.666666666666664,26.323327462984405
32.75,28.934074611223185
32.833333333333336,28.50280129513337
32.916666666666664,27.27516548063706
33.0,26.37213306384658
33.083333333333336,28.918709339318077
33.166666666666664,27.837740097521028
33.25,29.014124602391913
33.333333333333336,26.84351290216006
33.416666666666664,27.735362869514375
33.5,28.315426262088355
33.583333333333336,28.445676674494344
33.666666666666664,28.1453209573717
33.75,29.10127832092634
33.833333333333336,27.84679065081626
33.916666666666664,28.685051386253306
34.0,28.993350822399492
34.083333333333336,29.406824432772716
34.166666666666664,29.662628835106947
34.25,28.29149276528898
34.333333333333336,28.061488720952937
34.416666666666664,30.4080943270203
34.5,29.74846823287157
34.583333333333336,28.97987267502805
34.666666666666664,30.91489589060366
34.75,29.86097834089184
34.833333333333336,30.80537479721385
34.916666666666664,30.008364498923417
35.0,31.69415329764
35.083333333333336,31.539702172981578
35.166666666666664,30.02467733132529
35.25,31.087943294635235
35.333333333333336,30.912117062752863
35.416666666666664,31.57401560957603
35.5,29.788501832124997
35.583333333333336,31.188519776425515
35.666666666666664,31.563435511529747
35.75,29.38437266196305
35.833333333333336,29.91694890523703
35.916666666666664,29.30175733922337
36.0,30.784474532444353
36.083333333333336,31.638035048164227
36.166666666666664,32.32690858528945
36.25,31.242218652097517
36.333333333333336,32.5405328915079
36.416666666666664,30.184916283669157
36.5,29.974191784412522
36.583333333333336,31.33678960294568
36.666666666666664,31.729129092213192
36.75,31.432581032491747
36.833333333333336,29.83774975529875
36.916666666666664,31.449379307121887
37.0,30.501979357330526
37.083333333333336,32.10198657789984
37.166666666666664,31.87594495589341
37.25,30.84281909142183
37.333333333333336,31.191243605375906
37.416666666666664,30.75806170960912
37.5,31.553794089029005
37.583333333333336,32.36189873633286
37.666666666666664,30.798332549829933
37.75,31.97450367204726
37.833333333333336,31.126586970804862
37.916666666666664,30.891149437154503
38.0,31.409566240419647
38.083333333333336,30.631793615869512
38.166666666666664,30.976890911154545
38.25,30.416334658511122
38.333333333333336,32.896231303245926
38.416666666666664,31.29745389330462
38.5,30.649228374786947
38.583333333333336,31.31493483782457
38.666666666666664,30.98361584847952
38.75,30.821430457307997
38.833333333333336,31.409289428033105
38.916666666666664,31.438762272769168
39.0,30.318239769030868
39.083333333333336,30.18699607455066
39.166666666666664,30.32779193511027
39.25,28.601705250872662
39.333333333333336,29.121784437878713
39.416666666666664,31.313484257739873
39.5,31.417431484286954
39.583333333333336,29.779204484658738
39.666666666666664,30.31224311972975
39.75,29.968240820519373
39.833333333333336,32.04636397740011
39.916666666666664,30.33881572787813
40.0,29.196704032492043
40.083333333333336,28.386587429755316
40.166666666666664,27.71406268963764
40.25,29.006533060444646
40.333333333333336,28.079695638895224
40.416666666666664,27.38459317668947
40.5,27.839502458576344
40.583333333333336,27.322775138234192
40.666666666666664,29.366015582541873
40.75,28.547090740891612
40.833333333333336,27.65822133849892
40.916666666666664,28.668878807818217
41.0,27.36480891673322
41.083333333333336,26.429710912746984
41.166666666666664,28.151064338055402
41.25,27.175695115592127
41.333333333333336,25.725122357528925
41.416666666666664,26.211528073929028
41.5,25.470891118266294
41.583333333333336,24.87162088524747
41.666666666666664,26.52434876101166
41.75,27.115741376087044
41.833333333333336,24.273595879258203
41.916666666666664,25.646693780607826
42.0,24.479485944702542
42.083333333333336,24.41398130173288
42.166666666666664,24.133634922295414
42.25,23.720599320545215
42.333333333333336,24.255410579369524
42.416666666666664,23.357379236852235
42.5,24.044979739649794
42.583333333333336,23.59601049604478
42.666666666666664,23.25392228151679
42.75,22.529381989722328
42.833333333333336,22.606017859305666
42.916666666666664,23.48557470685102
43.0,23.09781947948439
43.083333333333336,21.733032307454984
43.166666666666664,22.414866392791172
43.25,22.759330763365384
43.333333333333336,20.648173500619087
43.416666666666664,22.246674612778257
43.5,21.11314022687296
43.583333333333336,21.934082790506924
43.666666666666664,20.70461643964333
43.75,19.712332167717534
43.833333333333336,19.69874630384978
43.916666666666664,20.887448175093457
44.0,20.90873989570053
44.083333333333336,19.83339090118602
44.166666666666664,20.927614636385982
44.25,18.95154325330029
44.333333333333336,20.096138611797013
44.416666666666664,19.052753723886195
44.5,19.377073800272345
44.583333333333336,19.81793409326888
44.666666666666664,18.977732020135296
44.75,19.249113381955013
44.833333333333336,20.25720095453997
44.916666666666664,18.89083583731508
45.0,19.925913002532834
45.083333333333336,18.263478411542582
45.166666666666664,19.505887274333865
45.25,20.155048759591747
45.333333333333336,16.949206111665994
45.416666666666664,18.218732886386427
45.5,19.25264892056342
45.583333333333336,18.568320639438372
45.666666666666664,18.97246550178423
45.75,18.142174878045147
45.833333333333336,18.649461474546033
45.916666666666664,18.415470737881325
46.0,19.439035120944556
46.083333333333336,18.678088971676598
46.166666666666664,18.719289064157344
46.25,18.099231967469045
46.333333333333336,18.023001633843634
46.416666666666664,18.05616856981244
46.5,18.7116243470551
46.583333333333336,18.057779888223507
46.666666666666664,18.629482746271872
46.75,20.065597718432635
46.833333333333336,19.114233403729422
46.916666666666664,18.17293263542992
47.0,19.415416179996747
47.083333333333336,18.152864362850636
47.166666666666664,16.877796936527066
47.25,17.73479412029906
47.333333333333336,17.081489730117564
47.416666666666664,18.33756145070398
47.5,18.677836967454997
47.583333333333336,20.052152399579157
47.666666666666664,19.02390144396046
47.75,18.64177674919121
47.833333333333336,19.538501521334155
47.916666666666664,17.16709050926623
